qtype_Computational,qtype_Descriptive,qtype_Differentiate,qtype_Discrete,qtype_Mathematical,qtype_Other,qtype_Proof,qtype_Statistical,qtype_What,keyword_count,keyword_tfidf,sentence_count,readability_scores,avg_word_length,difficulty_level_encoded
0,1,0,0,0,0,0,0,0,6,4.322107567,3,32.66666667,6.428571429,1
0,1,0,0,0,0,0,0,0,6,4.526108926,3,30.89275362,6.083333333,1
1,0,0,0,0,0,0,0,0,6,3.885067301,3,29.46666667,6.7,2
0,0,1,0,0,0,0,0,0,4,4.780080286,2,32.33333333,7.125,0
0,0,1,0,0,0,0,0,0,3,7.979661888,2,32.4,6.714285714,0
0,1,0,0,0,0,0,0,0,4,3.398663414,2,29.06666667,5.75,1
0,1,0,0,0,0,0,0,0,3,3.56120913,1,33.2,5.2,0
0,0,0,0,1,0,0,0,0,4,5.39337771,2,19.94285714,7.333333333,0
0,0,0,0,0,0,0,0,1,5,6.177759823,3,29.06666667,5.3,1
0,1,0,0,0,0,0,0,0,3,3.186802426,2,28.46666667,7.5,0
0,0,0,0,0,1,0,0,0,3,5.196032476,2,30.29230769,7.8,1
0,1,0,0,0,0,0,0,0,3,4.125026135,2,27.65454545,5,0
0,1,0,0,0,0,0,0,0,5,4.570241723,3,31.37142857,5.545454545,2
0,1,0,0,0,0,0,0,0,4,5.657815264,2,30.29230769,6.428571429,1
0,1,0,0,0,0,0,0,0,4,4.316904605,2,28.51428571,6.75,2
0,1,0,0,0,0,0,0,0,5,4.034407629,2,35,6.888888889,2
1,0,0,0,0,0,0,0,0,4,4.860085907,2,34.22857143,5.285714286,1
0,1,0,0,0,0,0,0,0,3,4.517431406,2,32.4,5.777777778,2
0,1,0,0,0,0,0,0,0,5,4.56603954,2,30.26666667,5.7,2
0,1,0,0,0,0,0,0,0,5,4.043230953,2,32.33333333,5.75,1
0,1,0,0,0,0,0,0,0,3,4.418593855,2,26,4.8,1
1,0,0,0,0,0,0,0,0,3,3.894855446,0,30.26666667,5.166666667,1
0,1,0,0,0,0,0,0,0,10,4.756624415,2,31.31428571,5.153846154,1
0,1,0,0,0,0,0,0,0,14,4.822933982,4,34.99767442,4.846153846,2
0,1,0,0,0,0,0,0,0,11,5.201367298,4,29.36666667,5.117647059,2
1,0,0,0,0,0,0,0,0,6,4.593081233,3,28.14901961,5.875,1
0,1,0,0,0,0,0,0,0,8,4.036058739,2,36.08888889,4.916666667,1
0,0,0,0,0,1,0,0,0,2,6.061726441,2,25.73333333,5.6,0
1,0,0,0,0,0,0,0,0,2,3.996825752,1,37.08571429,5.4,1
0,0,0,0,0,1,0,0,0,3,4.358112832,2,30.29230769,5.8,0
0,1,0,0,0,0,0,0,0,3,3.54281546,1,38.9,5.222222222,2
1,0,0,0,0,0,0,0,0,4,3.647318481,3,28.14901961,6.142857143,0
0,0,0,0,0,1,0,0,0,3,4.705908383,1,31.46666667,4.833333333,1
0,1,0,0,0,0,0,0,0,3,3.6818673,2,30,6.4,0
0,1,0,0,0,0,0,0,0,3,4.560727584,0,29.85454545,4.125,0
1,0,0,0,0,0,0,0,0,9,4.95488821,4,27.72758621,5.636363636,2
0,1,0,0,0,0,0,0,0,4,5.105355453,2,30.7,4.777777778,1
1,0,0,0,0,0,0,0,0,3,4.578087505,2,31.37142857,6,2
0,0,0,0,0,0,0,0,1,2,4.451335253,2,30,4.8,1
0,0,0,0,0,0,0,0,1,3,5.024349523,2,24.01818182,5.2,0
0,0,0,0,0,0,0,1,0,4,6.031961601,2,31.37142857,5.2,1
1,0,0,0,0,0,0,0,0,2,3.797876959,1,34.71111111,5.857142857,2
0,1,0,0,0,0,0,0,0,2,3.8609784,2,28.46666667,6.6,1
0,1,0,0,0,0,0,0,0,6,4.956824139,2,32.48888889,5.5,1
0,0,0,0,0,0,0,0,1,4,4.839765289,2,28.51428571,4.428571429,0
1,0,0,0,0,0,0,0,0,2,3.372646668,2,30,5.4,1
1,0,0,0,0,0,0,0,0,2,3.79603227,1,33.2,6.25,0
1,0,0,0,0,0,0,0,0,3,4.058326988,0,30.26666667,5,0
0,0,0,0,0,0,0,1,0,4,5.694959608,2,32.48888889,4.7,0
0,1,0,0,0,0,0,0,0,7,5.222832869,2,32,5.727272727,1
0,0,1,0,0,0,0,0,0,3,4.595244594,2,28.46666667,5,0
0,0,0,0,0,1,0,0,0,3,4.699168409,2,32.33333333,6.571428571,0
0,1,0,0,0,0,0,0,0,5,8.309371435,2,33.2,4.444444444,1
0,1,0,0,0,0,0,0,0,5,4.527924015,2,31.63529412,5.25,2
0,0,0,0,0,1,0,0,0,5,5.017672844,2,36.34117647,5.8,1
0,0,0,0,0,1,0,0,0,4,7.250845882,2,28.51428571,4.428571429,2
0,0,0,0,0,1,0,0,0,7,5.442157562,2,36,6.777777778,0
0,0,0,0,0,0,0,0,1,4,6.800454361,2,27.21538462,6.25,1
0,1,0,0,0,0,0,0,0,4,4.64836484,1,40.66666667,6.2,1
0,1,0,0,0,0,0,0,0,5,5.690225122,2,36.58095238,6.090909091,0
0,1,0,0,0,0,0,0,0,5,3.788962304,1,38.13333333,6.857142857,1
0,1,0,0,0,0,0,0,0,2,4.132355487,1,34,6.333333333,1
0,0,1,0,0,0,0,0,0,3,4.508442481,1,39.15555556,6.833333333,0
0,1,0,0,0,0,0,0,0,3,3.726041981,1,33.2,5.8,2
0,0,1,0,0,0,0,0,0,3,6.642208455,1,38.2,5.6,1
0,1,0,0,0,0,0,0,0,3,4.717943101,1,34.71111111,6.666666667,2
0,0,0,0,0,1,0,0,0,3,4.987027786,1,29.85454545,6,2
0,1,0,0,0,0,0,0,0,3,3.503930257,1,33.2,5.75,1
0,1,0,0,0,0,0,0,0,3,4.21730593,1,32,6.666666667,1
0,1,0,0,0,0,0,0,0,2,3.241176275,1,33.2,6.6,2
0,1,0,0,0,0,0,0,0,4,4.165535888,0,24.66666667,3.625,1
1,0,0,0,0,0,0,0,0,6,4.712946251,2,34.67619048,6.3,2
0,1,0,0,0,0,0,0,0,4,6.006623488,3,29.06666667,5.555555556,2
1,0,0,0,0,0,0,0,0,4,3.782759804,2,33.98823529,6.3,2
0,1,0,0,0,0,0,0,0,7,4.470150676,2,36.58095238,6.538461538,2
0,1,0,0,0,0,0,0,0,3,3.70168488,1,34.71111111,6.571428571,1
0,1,0,0,0,0,0,0,0,4,4.765047247,2,36.44615385,4.666666667,2
1,0,0,0,0,0,0,0,0,5,5.125062748,3,29.06666667,6.7,2
0,1,0,0,0,0,0,0,0,4,4.337464379,2,35,5.555555556,2
0,1,0,0,0,0,0,0,0,3,4.418593855,2,26,4.8,1
1,0,0,0,0,0,0,0,0,3,4.02225582,0,32,6,1
0,1,0,0,0,0,0,0,0,4,4.011532192,1,36,5.833333333,1
0,1,0,0,0,0,0,0,0,6,6.442754171,2,32,5,2
0,1,0,0,0,0,0,0,0,5,7.362518988,2,35.7,5.875,1
0,0,1,0,0,0,0,0,0,2,5.504713091,1,34,6.333333333,1
1,0,0,0,0,0,0,0,0,3,3.64167343,1,37.08571429,6,1
0,1,0,0,0,0,0,0,0,3,3.077657161,2,26,5.75,2
0,1,0,0,0,0,0,0,0,1,4.895124208,1,34,7,2
1,0,0,0,0,0,0,0,0,3,5.923758832,1,40,6.714285714,1
1,0,0,0,0,0,0,0,0,2,4.166991265,1,37.08571429,7.2,2
0,1,0,0,0,0,0,0,0,3,3.094721035,1,33.2,6,1
1,0,0,0,0,0,0,0,0,2,3.480016639,1,35.73333333,6.75,1
0,1,0,0,0,0,0,0,0,3,3.785973634,2,27.65454545,7.2,1
0,1,0,0,0,0,0,0,0,3,4.421824416,0,32,5.142857143,1
1,0,0,0,0,0,0,0,0,25,7.090683009,2,45.33580247,5,2
0,1,0,0,0,0,0,0,0,9,5.066584659,3,29.86666667,6.181818182,1
0,1,0,0,0,0,0,0,0,15,5.222024755,2,34.11428571,5.227272727,2
0,1,0,0,0,0,0,0,0,22,6.644717066,4,24.42222222,4.724137931,2
0,1,0,0,0,0,0,0,0,5,3.675720464,1,34.8,6.666666667,1
0,0,0,0,0,0,0,0,1,5,5.392906376,2,27,7.333333333,0
0,1,0,0,0,0,0,0,0,4,4.366527074,1,34.71111111,5.2,2
0,0,0,0,0,0,0,0,1,5,5.064880736,2,35,6,1
0,1,0,0,0,0,0,0,0,7,5.35202413,2,30,5.636363636,2
0,0,0,0,1,0,0,0,0,6,4.777855936,2,35.37894737,6.5,1
1,0,0,0,0,0,0,0,0,7,4.11001639,2,33.27368421,4.3,2
0,1,0,0,0,0,0,0,0,13,6.931597567,2,37.4372093,5.8,2
0,1,0,0,0,0,0,0,0,3,4.238378163,0,26.73846154,4.125,0
0,1,0,0,0,0,0,0,0,9,4.601134684,0,33.33333333,5.210526316,2
0,0,0,0,0,1,0,0,0,3,5.282300111,1,32,6.714285714,1
0,1,0,0,0,0,0,0,0,6,4.960432958,2,31.37142857,7,1
0,1,0,0,0,0,0,0,0,6,4.228719977,1,38,5.555555556,2
0,0,1,0,0,0,0,0,0,5,4.663340063,2,37.48421053,6.727272727,2
0,0,0,0,0,1,0,0,0,3,4.732618446,1,34.71111111,8,0
0,0,0,0,0,1,0,0,0,5,4.954343104,1,41.4,5.571428571,0
0,1,0,0,0,0,0,0,0,6,4.554580479,2,38.94545455,6.454545455,1
0,1,0,0,0,0,0,0,0,4,4.214185846,1,33.49090909,7.166666667,1
0,0,1,0,0,0,0,0,0,4,4.876182686,1,38.13333333,5.428571429,1
1,0,0,0,0,0,0,0,0,8,4.328850731,0,29.6,4.428571429,2
0,0,0,0,0,1,0,0,0,12,5.860249429,1,39.05,5.1875,2
0,0,0,0,0,1,0,0,0,3,5.127100325,2,29.06666667,5.8,2
1,0,0,0,0,0,0,0,0,4,3.887671862,1,38,5.857142857,1
0,1,0,0,0,0,0,0,0,5,4.367003075,2,33.2,6.333333333,1
0,1,0,0,0,0,0,0,0,12,6.283419408,2,36.08888889,4.80952381,
0,0,0,0,0,1,0,0,0,3,4.751800185,1,38.2,8.4,1
0,0,0,0,0,0,0,0,1,4,6.36938651,2,25.65714286,6.666666667,0
0,0,0,0,0,1,0,0,0,6,4.299139614,1,37.38823529,6,1
0,0,0,0,0,1,0,0,0,4,5.340741105,1,33.49090909,6.857142857,0
1,0,0,0,0,0,0,0,0,17,5.27927107,3,37.86666667,5.518518519,2
1,0,0,0,0,0,0,0,0,19,7.249849007,3,38.60606061,5.53125,2
0,1,0,0,0,0,0,0,0,8,4.903681684,3,30.89275362,5.461538462,2
0,1,0,0,0,0,0,0,0,6,5.840414952,2,26.92941176,4.875,1
0,1,0,0,0,0,0,0,0,6,5.419783699,2,31.16842105,5.5,2
0,1,0,0,0,0,0,0,0,13,5.068507451,1,40.74594595,4.523809524,1
0,1,0,0,0,0,0,0,0,6,6.729798618,2,28,5.4,0
0,1,0,0,0,0,0,0,0,5,4.141454836,1,35.96923077,6.75,1
0,1,0,0,0,0,0,0,0,3,3.364827123,1,29.06666667,7,2
0,1,0,0,0,0,0,0,0,5,3.708345551,1,31.31428571,4.875,2
1,0,0,0,0,0,0,0,0,4,3.704333137,2,29.06666667,4.8,1
0,1,0,0,0,0,0,0,0,3,4.016327402,1,28.2,5.25,0
0,1,0,0,0,0,0,0,0,4,4.464560544,0,22.74285714,3.25,2
1,0,0,0,0,0,0,0,0,17,5.277138847,3,35.56666667,5.208333333,2
1,0,0,0,0,0,0,0,0,24,5.919491027,3,34.83577236,5.333333333,2
0,1,0,0,0,0,0,0,0,20,6.209737277,3,39.87956989,6.033333333,2
0,1,0,0,0,0,0,0,0,6,4.427499657,2,28.04444444,5.444444444,0
0,1,0,0,0,0,0,0,0,6,5.840414952,2,26.92941176,5.375,1
0,1,0,0,0,0,0,0,0,6,5.419783699,2,31.16842105,5.5,2
0,1,0,0,0,0,0,0,0,3,3.595876183,1,29.06666667,7.666666667,1
0,1,0,0,0,0,0,0,0,13,5.011058909,1,41.82702703,4.571428571,1
0,1,0,0,0,0,0,0,0,3,3.722797441,2,30,5.25,0
0,1,0,0,0,0,0,0,0,5,3.736238495,1,31.31428571,5.25,1
0,1,0,0,0,0,0,0,0,5,4.141454836,1,35.96923077,6.75,1
0,0,1,0,0,0,0,0,0,2,4.338167273,1,34,6.666666667,1
0,1,0,0,0,0,0,0,0,4,4.327234008,0,22.74285714,3.75,1
0,0,0,0,0,0,0,0,1,5,4.150245543,2,34,6.166666667,0
0,1,0,0,0,0,0,0,0,2,3.603060018,1,38.2,5,0
0,1,0,0,0,0,0,0,0,4,4.301373526,2,31.37142857,5.285714286,1
0,1,0,0,0,0,0,0,0,3,3.790213333,1,34,7.25,1
0,1,0,0,0,0,0,0,0,4,3.982393839,2,34.92727273,7,1
0,1,0,0,0,0,0,0,0,3,3.852935977,2,32.4,5.857142857,0
0,1,0,0,0,0,0,0,0,2,4.582398225,2,28.46666667,7.2,0
0,1,0,0,0,0,0,0,0,2,3.729645682,1,37.08571429,6,1
0,1,0,0,0,0,0,0,0,3,4.518050283,2,29.06666667,7.5,2
0,1,0,0,0,0,0,0,0,9,4.367682381,0,30.05925926,4.071428571,2
0,1,0,0,0,0,0,0,0,4,5.189409808,2,31.37142857,6.222222222,2
0,1,0,0,0,0,0,0,0,3,3.828875182,2,31.6,6.166666667,0
0,1,0,0,0,0,0,0,0,2,4.107199613,2,27.65454545,5.666666667,1
0,1,0,0,0,0,0,0,0,5,5.639286897,2,32.4,7.833333333,0
0,1,0,0,0,0,0,0,0,4,5.08697658,2,28.51428571,5.285714286,0
0,1,0,0,0,0,0,0,0,4,4.61947887,2,27.65454545,4.8,2
0,1,0,0,0,0,0,0,0,4,4.323819257,2,27.21538462,4.833333333,1
0,1,0,0,0,0,0,0,0,3,3.650876923,2,26,5.5,0
0,0,0,0,0,1,0,0,0,3,5.414616315,1,34.71111111,7.666666667,0
0,1,0,0,0,0,0,0,0,3,4.32678207,2,28.46666667,7.6,0
0,1,0,0,0,0,0,0,0,4,3.766151391,1,29.06666667,8.333333333,0
0,1,0,0,0,0,0,0,0,9,4.574769796,0,34.33548387,4.666666667,2
0,1,0,0,0,0,0,0,0,2,3.716737978,1,31.37142857,5.6,1
1,0,0,0,0,0,0,0,0,9,4.748993182,2,27.62222222,4.25,1
0,1,0,0,0,0,0,0,0,2,3.241176275,1,38.2,6.6,2
0,1,0,0,0,0,0,0,0,3,3.759902956,1,25.82222222,5,2
0,1,0,0,0,0,0,0,0,5,4.305463624,2,31.37142857,6.5,1
0,1,0,0,0,0,0,0,0,2,3.578956405,2,31.6,6.25,0
0,1,0,0,0,0,0,0,0,8,6.34241648,2,30.7,7.222222222,1
0,1,0,0,0,0,0,0,0,2,3.895057992,2,34,6.166666667,1
0,1,0,0,0,0,0,0,0,2,3.196782202,1,38.2,6,0
0,1,0,0,0,0,0,0,0,3,6.442895306,2,34.22857143,7,1
0,1,0,0,0,0,0,0,0,2,3.938507928,2,26.6,5,0
0,1,0,0,0,0,0,0,0,4,6.338768662,2,28.46666667,7.75,1
0,0,1,0,0,0,0,0,0,4,4.506665952,1,39.15555556,6.4,0
0,1,0,0,0,0,0,0,0,3,3.099832423,1,28.2,6.2,2
0,0,1,0,0,0,0,0,0,3,4.477412573,1,37.08571429,4.75,1
0,1,0,0,0,0,0,0,0,3,3.824163718,1,38.2,4.75,1
0,1,0,0,0,0,0,0,0,2,3.568387534,2,26.6,5.5,0
0,1,0,0,0,0,0,0,0,2,4.108846789,2,31.29090909,6.5,2
0,0,0,0,0,1,0,0,0,3,5.791649234,2,27,5.833333333,2
0,0,0,0,0,1,0,0,0,2,4.549008126,1,31.37142857,7,0
0,0,1,0,0,0,0,0,0,3,4.627893112,1,38.2,7.2,0
0,1,0,0,0,0,0,0,0,4,4.132474417,2,33.36923077,6,1
0,0,1,0,0,0,0,0,0,5,7.731213842,2,32.48888889,4.6,1
0,0,0,0,0,1,0,0,0,3,4.895185951,1,41.46666667,7,2
0,1,0,0,0,0,0,0,0,5,4.568015368,2,29.28235294,6,2
0,0,1,0,0,0,0,0,0,9,5.359088197,4,33.60434783,5.714285714,2
1,0,0,0,0,0,0,0,0,4,3.475241631,2,29.66666667,5.125,2
0,1,0,0,0,0,0,0,0,6,4.861487572,3,31.53333333,5.8,2
0,1,0,0,0,0,0,0,0,5,4.957091807,2,32.33333333,6.571428571,1
0,1,0,0,0,0,0,0,0,3,4.320923301,1,39.15555556,5.6,2
0,0,0,0,0,1,0,0,0,4,5.282300111,1,33.49090909,6.714285714,1
1,0,0,0,0,0,0,0,0,5,3.858393611,2,30.7,5.375,2
0,0,0,0,0,0,0,0,1,8,5.612931385,2,33.49090909,6,2
0,0,0,0,0,1,0,0,0,5,4.954343104,1,41.4,5.571428571,2
0,1,0,0,0,0,0,0,0,5,4.244224235,2,33.2,7,1
0,1,0,0,0,0,0,0,0,5,4.367003075,2,33.2,6.333333333,1
0,1,0,0,0,0,0,0,0,4,3.731288459,2,36.44615385,6,2
1,0,0,0,0,0,0,0,0,9,5.043117613,4,30.25333333,6.428571429,2
0,1,0,0,0,0,0,0,0,5,4.957091807,2,32.33333333,6.571428571,2
1,0,0,0,0,0,0,0,0,5,4.674126964,2,32,6,2
1,0,0,0,0,0,0,0,0,4,3.475241631,2,29.66666667,5.125,2
0,1,0,0,0,0,0,0,0,10,4.668624425,2,33.49090909,5,2
1,0,0,0,0,0,0,0,0,8,4.380683894,2,37.99259259,5.533333333,2
0,0,0,0,0,1,0,0,0,4,5.282300111,1,33.49090909,6.714285714,1
0,1,0,0,0,0,0,0,0,3,5.78124451,2,34,5.857142857,1
0,1,0,0,0,0,0,0,0,4,3.852266577,1,39.15555556,6,1
0,1,0,0,0,0,0,0,0,5,5.290131455,2,30.7,5.777777778,1
0,1,0,0,0,0,0,0,0,3,4.56757663,1,38.2,6.2,1
0,1,0,0,0,0,0,0,0,3,4.669741755,1,34.71111111,5.6,0
0,1,0,0,0,0,0,0,0,5,5.332055396,2,27.21538462,5.166666667,1
0,1,0,0,0,0,0,0,0,3,3.789223233,2,34,6.5,1
0,1,0,0,0,0,0,0,0,2,4.669741755,2,28.46666667,5.2,2
0,1,0,0,0,0,0,0,0,2,4.156751884,1,37.08571429,6,1
0,1,0,0,0,0,0,0,0,4,5.633981447,2,29.66666667,4.75,2
0,1,0,0,0,0,0,0,0,4,5.84644268,1,37.12727273,6.142857143,2
0,1,0,0,0,0,0,0,0,4,3.885768446,1,33.49090909,5.857142857,1
0,1,0,0,0,0,0,0,0,10,4.988414826,0,38.66666667,6.588235294,2
0,0,0,1,0,0,0,0,0,3,4.888450756,2,31.37142857,5.875,1
0,1,0,0,0,0,0,0,0,2,3.594360994,1,38.2,6,1
0,1,0,0,0,0,0,0,0,6,4.51656593,2,37.66666667,5.444444444,1
0,0,0,0,0,0,0,0,1,5,4.733610466,2,35,5.2,0
0,1,0,0,0,0,0,0,0,6,4.524538345,2,29.28235294,6.25,0
1,0,0,0,0,0,0,0,0,7,7.549851347,0,48.58723404,4.771428571,2
0,1,0,0,0,0,0,0,0,3,4.380964633,2,31.29090909,4.5,2
0,1,0,0,0,0,0,0,0,13,7.452332464,3,36.29803922,5.476190476,2
0,1,0,0,0,0,0,0,0,5,4.4682125,2,26.95789474,6,1
0,0,0,0,0,0,1,0,0,28,7.73698901,6,32.89962547,4.803571429,2
0,0,0,0,0,1,0,0,0,13,9.737944521,4,34.17142857,5.12,2
0,1,0,0,0,0,0,0,0,5,4.562773075,2,28.51428571,5.428571429,1
0,1,0,0,0,0,0,0,0,5,5.206118304,2,24.33333333,4.375,1
0,1,0,0,0,0,0,0,0,2,3.931506192,1,38.2,6.333333333,1
0,1,0,0,0,0,0,0,0,4,4.696081851,1,40.76363636,6.5,1
0,0,1,0,0,0,0,0,0,3,8.524977432,1,39.15555556,7,1
0,1,0,0,0,0,0,0,0,4,3.545093033,1,33.49090909,7.4,1
0,0,0,0,0,1,0,0,0,21,6.477343307,4,22.09411765,3.391304348,2
0,1,0,0,0,0,0,0,0,4,4.029049544,2,33.36923077,5.75,1
0,1,0,0,0,0,0,0,0,3,5.874243549,2,30.29230769,7,1
0,1,0,0,0,0,0,0,0,3,3.446752634,1,38.2,6.6,1
0,0,0,0,0,1,0,0,0,2,4.797646034,1,24,4.75,0
0,1,0,0,0,0,0,0,0,4,4.970557235,1,38.2,5.2,1
0,0,0,0,0,1,0,0,0,23,7.934915838,5,30.73454545,4.555555556,2
0,1,0,0,0,0,0,0,0,3,4.770227265,2,29.06666667,6.142857143,1
0,1,0,0,0,0,0,0,0,8,3.867437442,1,35.33333333,6,2
0,1,0,0,0,0,0,0,0,3,4.576388815,2,32.4,7,1
0,0,1,0,0,0,0,0,0,4,4.831173969,2,32.4,4.833333333,2
0,0,0,0,0,0,0,0,1,4,4.117483922,2,32.91111111,5.2,0
0,1,0,0,0,0,0,0,0,3,4.480984619,2,32.4,6.285714286,1
0,1,0,0,0,0,0,0,0,3,3.965492171,1,34,8.75,1
0,0,0,0,0,0,0,0,1,4,4.552519482,1,29.85454545,4.5,0
0,0,1,0,0,0,0,0,0,5,5.851926039,2,33.2,6.125,1
0,1,0,0,0,0,0,0,0,3,4.110446794,1,35.73333333,6,1
0,0,0,0,0,1,0,0,0,4,4.133421716,2,34.71111111,5,1
0,0,0,0,0,1,0,0,0,7,6.676017448,2,37.12727273,6.076923077,2
0,1,0,0,0,0,0,0,0,5,4.122140034,1,29.81538462,4.428571429,1
0,1,0,0,0,0,0,0,0,3,4.770227265,2,29.06666667,6.142857143,1
0,1,0,0,0,0,0,0,0,8,3.867437442,1,35.33333333,6,2
0,1,0,0,0,0,0,0,0,3,4.576388815,2,32.4,7,1
0,0,1,0,0,0,0,0,0,4,4.831173969,2,32.4,4.833333333,2
0,0,0,0,0,0,0,0,1,4,4.117483922,2,32.91111111,5.2,0
0,1,0,0,0,0,0,0,0,3,4.480984619,2,32.4,6.285714286,1
0,1,0,0,0,0,0,0,0,3,3.965492171,1,34,8.75,1
0,0,0,0,0,0,0,0,1,4,4.552519482,1,29.85454545,4.5,0
0,0,1,0,0,0,0,0,0,5,5.851926039,2,33.2,6.125,1
0,1,0,0,0,0,0,0,0,3,4.110446794,1,35.73333333,6,1
0,0,0,0,0,1,0,0,0,4,4.133421716,2,34.71111111,5,1
0,0,0,0,0,1,0,0,0,7,6.676017448,2,37.12727273,6.076923077,2
0,1,0,0,0,0,0,0,0,5,4.122140034,1,29.81538462,4.428571429,1
0,1,0,0,0,0,0,0,0,3,4.770227265,2,29.06666667,6.142857143,1
0,1,0,0,0,0,0,0,0,8,3.867437442,1,35.33333333,6,1
0,1,0,0,0,0,0,0,0,3,4.576388815,2,32.4,7,1
0,0,1,0,0,0,0,0,0,4,4.831173969,2,32.4,4.833333333,2
0,0,0,0,0,0,0,0,1,4,4.117483922,2,32.91111111,5.2,0
0,1,0,0,0,0,0,0,0,3,4.480984619,2,32.4,6.285714286,1
0,1,0,0,0,0,0,0,0,3,3.965492171,1,34,8.75,1
0,0,0,0,0,0,0,0,1,4,4.552519482,1,29.85454545,4.5,0
0,0,1,0,0,0,0,0,0,5,5.851926039,2,33.2,6.125,1
0,1,0,0,0,0,0,0,0,3,4.110446794,1,35.73333333,6,1
0,0,0,0,0,1,0,0,0,4,4.133421716,2,34.71111111,5,1
0,0,0,0,0,1,0,0,0,7,6.676017448,2,37.12727273,6.076923077,2
0,1,0,0,0,0,0,0,0,5,4.122140034,1,29.81538462,4.428571429,1
0,0,0,0,0,1,0,0,0,2,4.430183158,1,28.2,7.5,1
0,1,0,0,0,0,0,0,0,3,4.675409841,2,32.4,6.571428571,1
0,1,0,0,0,0,0,0,0,8,3.867437442,1,35.33333333,6,1
0,0,1,0,0,0,0,0,0,4,4.552438721,2,30,4.25,2
0,0,0,0,0,0,0,0,1,4,4.256113358,2,32.91111111,5,0
0,1,0,0,0,0,0,0,0,3,4.634001617,2,31.29090909,6,1
0,1,0,0,0,0,0,0,0,3,3.965492171,1,34,8.75,1
0,0,0,0,0,0,0,0,1,2,5.805401502,1,37.08571429,5.8,0
0,0,1,0,0,0,0,0,0,5,5.851926039,2,33.2,6.125,1
0,1,0,0,0,0,0,0,0,3,4.110446794,1,35.73333333,6,1
0,0,0,0,0,1,0,0,0,4,4.133421716,2,34.71111111,5,1
0,0,0,0,0,1,0,0,0,7,6.676017448,2,37.12727273,6.076923077,2
0,1,0,0,0,0,0,0,0,5,4.07650236,1,31.31428571,4.5,1
0,1,0,0,0,0,0,0,0,6,5.623260259,2,33.2,6.2,2
0,1,0,0,0,0,0,0,0,3,4.504861291,2,34.92727273,5.142857143,2
0,1,0,0,0,0,0,0,0,7,5.454525748,3,32.77142857,6.461538462,2
0,1,0,0,0,0,0,0,0,3,4.569490521,1,31.37142857,6,1
0,1,0,0,0,0,0,0,0,5,4.911473318,2,30.26666667,5,1
0,1,0,0,0,0,0,0,0,3,3.713637141,1,38.2,6.4,2
0,0,0,0,0,1,0,0,0,3,5.774869312,1,29.85454545,5,1
0,0,1,0,0,0,0,0,0,3,5.867303514,1,40,5.714285714,1
0,1,0,0,0,0,0,0,0,1,3.674987015,1,35.73333333,7,0
0,1,0,0,0,0,0,0,0,4,3.587923401,2,27.65454545,6.2,1
0,0,0,0,0,1,0,0,0,2,3.954379655,1,33.2,7,0
0,1,0,0,0,0,0,0,0,5,4.252281368,0,24.66666667,4.375,0
0,1,0,0,0,0,0,0,0,4,3.932159829,1,40.76363636,5.833333333,2
0,1,0,0,0,0,0,0,0,3,4.504861291,2,34.92727273,5.142857143,2
0,0,0,0,0,1,0,0,0,2,4.979930894,1,25.82222222,5,1
0,0,0,0,0,0,0,0,1,5,5.070981222,1,37.12727273,5.142857143,1
0,1,0,0,0,0,0,0,0,4,3.903118106,1,33.49090909,5.857142857,0
0,1,0,0,0,0,0,0,0,3,3.418539375,2,31.29090909,5.333333333,0
0,1,0,0,0,0,0,0,0,2,3.986337573,1,35.73333333,6.75,0
0,1,0,0,0,0,0,0,0,4,3.514831446,2,27.21538462,6,0
0,1,0,0,0,0,0,0,0,1,3.486457673,1,34,5,1
0,0,0,0,0,1,0,0,0,2,5.124196891,1,34.71111111,5,1
0,1,0,0,0,0,0,0,0,2,3.968852734,1,26,6.333333333,2
0,1,0,0,0,0,0,0,0,4,3.322517898,1,39.15555556,6,1
0,1,0,0,0,0,0,0,0,5,4.170638637,0,24.66666667,4.125,0
1,0,0,0,0,0,0,0,0,8,5.333518817,2,36.46666667,6.571428571,1
1,0,0,0,0,0,0,0,0,7,3.834322777,2,32,6.3,2
0,0,0,0,0,1,0,0,0,5,4.524735827,1,33.9,5.625,2
0,1,0,0,0,0,0,0,0,8,4.782514363,1,33.16190476,5.1,2
0,0,0,0,0,1,0,0,0,7,5.22488665,2,33.98823529,6.111111111,2
1,0,0,0,0,0,0,0,0,4,3.882364967,1,38.13333333,6.333333333,2
1,0,0,0,0,0,0,0,0,3,4.381654445,2,27.65454545,4.888888889,1
1,0,0,0,0,0,0,0,0,5,3.976842977,3,29.06666667,6.714285714,2
0,1,0,0,0,0,0,0,0,4,4.861487572,3,35.18095238,5.8,2
0,1,0,0,0,0,0,0,0,14,5.90877498,4,35.59298246,6,2
1,0,0,0,0,0,0,0,0,14,5.339484987,2,34.42702703,6.476190476,2
0,0,0,0,0,1,0,0,0,6,5.042834712,1,35.33333333,4.75,1
0,0,0,0,0,1,0,0,0,6,4.516309914,1,32.66666667,6,2
0,1,0,0,0,0,0,0,0,6,3.725263543,2,33.98823529,6.3,1
1,0,0,0,0,0,0,0,0,6,3.625315782,1,39.74117647,5.636363636,1
0,0,1,0,0,0,0,0,0,7,5.099610992,2,29.28235294,5.3,2
1,0,0,0,0,0,0,0,0,5,4.028846805,2,32.48888889,5.4,2
1,0,0,0,0,0,0,0,0,5,4.957091807,2,32.33333333,6.571428571,2
0,1,0,0,0,0,0,0,0,5,4.807719633,2,34.71111111,4.5,2
1,0,0,0,0,0,0,0,0,8,5.333518817,2,36.46666667,6.571428571,1
1,0,0,0,0,0,0,0,0,7,3.834322777,2,32,6.3,2
0,0,0,0,0,1,0,0,0,5,4.524735827,1,33.9,5.625,2
0,1,0,0,0,0,0,0,0,8,4.782514363,1,33.16190476,5.1,2
0,0,0,0,0,1,0,0,0,7,5.22488665,2,33.98823529,6.111111111,2
1,0,0,0,0,0,0,0,0,4,3.882364967,1,38.13333333,6.333333333,2
1,0,0,0,0,0,0,0,0,3,4.034492294,1,29.85454545,5.714285714,1
1,0,0,0,0,0,0,0,0,5,3.976842977,3,29.06666667,6.714285714,1
0,1,0,0,0,0,0,0,0,4,4.861487572,3,35.18095238,5.8,2
0,1,0,0,0,0,0,0,0,6,6.307601962,2,36.93333333,5.5,2
1,0,0,0,0,0,0,0,0,8,4.739326685,2,31.67272727,5.75,2
1,0,0,0,0,0,0,0,0,14,5.339484987,2,34.42702703,6.476190476,2
0,0,0,0,0,1,0,0,0,6,5.042834712,1,35.33333333,4.75,1
0,0,0,0,0,1,0,0,0,6,4.516309914,1,32.66666667,6,2
0,1,0,0,0,0,0,0,0,6,3.725263543,2,33.98823529,6.3,2
1,0,0,0,0,0,0,0,0,6,3.625315782,1,39.74117647,5.636363636,1
0,0,1,0,0,0,0,0,0,7,5.099610992,2,29.28235294,5.3,2
1,0,0,0,0,0,0,0,0,5,4.028846805,2,32.48888889,5.4,2
1,0,0,0,0,0,0,0,0,5,4.957091807,2,32.33333333,6.571428571,2
0,1,0,0,0,0,0,0,0,5,4.807719633,2,34.71111111,4.5,1
0,1,0,0,0,0,0,0,0,4,4.253853447,2,30,6.6,1
0,1,0,0,0,0,0,0,0,4,2.692631974,2,28.46666667,5.25,1
0,0,1,0,0,0,0,0,0,4,3.653701812,1,38.2,6,1
0,1,0,0,0,0,0,0,0,3,3.755100374,1,37.08571429,4.5,0
0,0,1,0,0,0,0,0,0,4,4.106228964,1,38.2,6.25,1
0,1,0,0,0,0,0,0,0,5,5.093470483,2,29.06666667,7.2,0
0,1,0,0,0,0,0,0,0,3,3.603060018,1,39.15555556,5,0
0,1,0,0,0,0,0,0,0,4,5.339889726,2,30.29230769,5.714285714,1
0,1,0,0,0,0,0,0,0,5,5.144434075,2,29.66666667,5.142857143,0
0,1,0,0,0,0,0,0,0,3,4.014024294,0,28.2,4.4,1
0,1,0,0,0,0,0,0,0,5,5.205268324,1,35.96923077,5.5,0
0,1,0,0,0,0,0,0,0,5,5.093470483,2,29.06666667,7.2,0
0,1,0,0,0,0,0,0,0,5,4.225808023,2,32.4,5.857142857,2
0,1,0,0,0,0,0,0,0,5,4.360541815,2,34.92727273,5,2
0,1,0,0,0,0,0,0,0,5,4.130938308,1,33.49090909,6.833333333,1
0,0,1,0,0,0,0,0,0,2,6.46892166,1,37.08571429,6.8,1
0,1,0,0,0,0,0,0,0,6,3.88525998,2,30.29230769,5.571428571,1
0,1,0,0,0,0,0,0,0,5,4.654028734,1,36,6.333333333,0
0,0,0,0,0,0,0,1,0,4,4.59671182,2,31.37142857,6.5,0
0,1,0,0,0,0,0,0,0,3,4.003978402,0,30.26666667,4.5,0
0,1,0,0,0,0,0,0,0,13,5.317640629,1,41.06666667,5.35,1
0,1,0,0,0,0,0,0,0,11,4.623321702,3,36.39139785,5.611111111,1
0,1,0,0,0,0,0,0,0,21,5.575704757,4,32.86315789,5.24137931,2
0,1,0,0,0,0,0,0,0,13,4.498525224,3,37.36576577,5.571428571,2
0,1,0,0,0,0,0,0,0,6,4.252495358,2,28.2,5.857142857,2
0,1,0,0,0,0,0,0,0,2,3.74284895,1,33.2,5.6,2
0,1,0,0,0,0,0,0,0,4,4.281082785,1,27.33333333,4.818181818,0
0,1,0,0,0,0,0,0,0,7,3.875101229,1,31.31428571,5.571428571,0
0,1,0,0,0,0,0,0,0,5,3.945988479,1,32.89230769,4.857142857,1
0,1,0,0,0,0,0,0,0,4,4.694804813,2,34.22857143,5.285714286,2
0,0,0,0,0,1,0,0,0,4,4.532509685,2,29.06315789,5.125,2
0,0,0,0,0,1,0,0,0,3,4.385641635,2,28.51428571,4.6,0
0,1,0,0,0,0,0,0,0,5,4.626666582,2,28.2,5,0
0,1,0,0,0,0,0,0,0,3,3.635886057,2,26,6.75,0
0,1,0,0,0,0,0,0,0,3,4.354957535,0,30.26666667,4.666666667,0
0,1,0,0,0,0,0,0,0,21,6.270219933,4,33.05136612,5.454545455,2
0,1,0,0,0,0,0,0,0,10,5.535229777,2,38.6,5.571428571,1
0,1,0,0,0,0,0,0,0,6,6.639368794,4,35.29259259,6.533333333,2
0,1,0,0,0,0,0,0,0,5,5.287360686,1,40.66666667,6.1,1
0,1,0,0,0,0,0,0,0,4,5.012060415,1,34.71111111,5.4,0
0,1,0,0,0,0,0,0,0,2,5.355887399,1,29.06666667,8.25,0
0,0,0,0,0,1,0,0,0,15,6.263049059,8,26.56296296,4.5,1
0,0,0,0,0,1,0,0,0,26,7.36567861,8,32.03333333,5.026315789,1
1,0,0,0,0,0,0,0,0,35,6.787590656,6,34.75321101,5.042553191,1
0,0,0,0,0,1,0,0,0,17,6.513622807,5,33.4877193,5.777777778,0
0,1,0,0,0,0,0,0,0,8,5.233709415,3,36.11014493,4.75,1
0,0,0,0,1,0,0,0,0,15,5.854586061,2,37.46829268,4.909090909,2
0,1,0,0,0,0,0,0,0,8,6.100326456,2,36,6.272727273,1
0,1,0,0,0,0,0,0,0,5,4.860560611,3,29.63333333,5.75,1
0,1,0,0,0,0,0,0,0,8,4.803231823,1,26,4.818181818,1
0,1,0,0,0,0,0,0,0,5,5.148445433,1,31.31428571,6.857142857,1
0,0,0,0,0,1,0,0,0,16,6.409124174,4,32.11111111,4.608695652,1
1,0,0,0,0,0,0,0,0,29,7.874053756,6,35.43333333,4.588235294,2
0,0,0,0,0,1,0,0,0,19,9.543818563,4,39.74098361,6.129032258,2
0,0,0,0,0,1,0,0,0,19,5.320035164,2,24.4,3.476190476,1
0,0,0,0,0,1,0,0,0,14,6.523090109,3,30,4.3,0
0,0,0,0,1,0,0,0,0,11,5.232728825,2,37.2,5.15,1
1,0,0,0,0,0,0,0,0,15,6.2480529,2,15.16363636,2.35,1
0,0,0,0,0,0,1,0,0,5,5.748360284,1,33.49090909,4.2,1
0,0,0,0,1,0,0,0,0,8,4.849460209,1,23.27058824,3.125,0
0,0,0,0,0,1,0,0,0,8,5.375976888,1,28,2.4,1
0,0,0,0,0,0,1,0,0,8,5.54461079,1,38.9,4.375,2
1,0,0,0,0,0,0,0,0,9,5.765697,2,21.46666667,3.923076923,1
0,0,0,0,1,0,0,0,0,4,5.059956409,1,24,4.2,0
0,0,0,0,0,1,0,0,0,4,5.235884492,1,27.33333333,3,1
1,0,0,0,0,0,0,0,0,9,7.188754451,1,19.95555556,1.65,1
0,0,0,0,1,0,0,0,0,8,5.842047695,1,17.89090909,1.818181818,0
1,0,0,0,0,0,0,0,0,6,4.98408518,1,22.75555556,3.555555556,0
0,0,0,0,0,0,1,0,0,8,4.738571453,1,22.8,2.923076923,0
0,0,0,0,0,1,0,0,0,4,4.8955876,1,16.93333333,3.25,2
1,0,0,0,0,0,0,0,0,5,5.590380997,1,31.46666667,5.375,2
0,0,0,0,1,0,0,0,0,10,5.194967871,1,28.34285714,3.5,0
0,1,0,0,0,0,0,0,0,10,5.153117813,1,15.73793103,1.9,1
0,0,0,0,0,0,0,1,0,6,5.232673742,2,22.4,3.8,1
0,0,0,0,0,0,0,0,1,12,5.691973241,2,18.9,3.266666667,1
0,0,0,0,1,0,0,0,0,6,4.405017634,2,19.15555556,3.555555556,0
0,0,0,0,1,0,0,0,0,5,4.520456094,1,16.4,2.625,0
0,0,0,0,1,0,0,0,0,7,5.730870524,0,13.85882353,1.875,0
0,0,0,0,1,0,0,0,0,16,6.495585213,2,31.26666667,5.590909091,2
0,0,0,0,1,0,0,0,0,6,4.817729057,2,28.04444444,5.333333333,2
0,0,0,0,0,1,0,0,0,3,5.955510694,1,24,6.333333333,1
0,0,0,0,1,0,0,0,0,9,4.910747579,1,21.37391304,3.333333333,0
0,0,0,0,0,1,0,0,0,14,7.230222576,3,34.17142857,5.210526316,2
0,0,0,0,0,1,0,0,0,4,5.747459258,0,29.06666667,4.333333333,2
0,0,0,0,0,0,1,0,0,3,5.052276373,1,38.2,5.25,2
0,0,0,0,0,1,0,0,0,11,6.648280893,1,18.57142857,1.909090909,0
0,0,0,0,1,0,0,0,0,14,5.441833342,3,24.99007092,4.944444444,1
1,0,0,0,0,0,0,0,0,10,5.372618778,1,26.59130435,3,1
0,0,0,0,0,0,1,0,0,7,6.234770548,1,34.96842105,3.363636364,2
0,0,0,0,1,0,0,0,0,12,6.043954773,1,21.2,2.230769231,2
0,0,0,0,1,0,0,0,0,11,5.680022745,2,19.17894737,3.647058824,1
0,1,0,0,0,0,0,0,0,13,5.939609006,1,24,3,2
0,0,0,0,1,0,0,0,0,12,4.993315304,1,25.30322581,2.75,1
0,0,0,0,1,0,0,0,0,13,5.443110172,1,26.77894737,2.9375,2
0,0,0,0,1,0,0,0,0,8,5.086468941,1,33.54782609,4.333333333,2
1,0,0,0,0,0,0,0,0,8,5.05100918,1,12.93333333,1.857142857,1
0,0,0,0,0,0,1,0,0,6,5.000927528,1,24.8,3.5,2
0,0,0,0,1,0,0,0,0,15,5.847437677,1,27,2.888888889,1
0,0,0,0,1,0,0,0,0,10,5.005530139,1,19.87586207,2.818181818,1
0,0,0,0,1,0,0,0,0,10,4.820268438,1,25.78461538,3.615384615,1
1,0,0,0,0,0,0,0,0,6,4.879436107,1,30,5.666666667,1
1,0,0,0,0,0,0,0,0,44,8.341038856,0,47.70526316,1.770833333,2
0,1,0,0,0,0,0,0,0,33,8.148218667,9,36.22222222,5.36,2
0,0,0,0,1,0,0,0,0,14,7.882080274,4,36.05390071,4.814814815,2
0,1,0,0,0,0,0,0,0,6,5.150265113,2,33.98823529,5.875,1
0,1,0,0,0,0,0,0,0,8,5.969979459,1,39.70909091,6.076923077,
1,0,0,0,0,0,0,0,0,4,4.494398393,1,35.96923077,6.444444444,0
0,0,0,0,0,0,0,0,1,14,5.909909946,3,30.36190476,4.6,0
0,0,0,1,0,0,0,0,0,8,5.834578255,3,33.73333333,4.5,0
1,0,0,0,0,0,0,0,0,14,8.260951335,2,35.43333333,4.875,0
1,0,0,0,0,0,0,0,0,3,5.229572905,1,31.37142857,5.2,0
0,1,0,0,0,0,0,0,0,11,6.659053925,3,32.52043011,6.133333333,1
0,1,0,0,0,0,0,0,0,6,4.909107619,1,39.04615385,7.222222222,0
0,1,0,0,0,0,0,0,0,4,6.959417918,1,38.13333333,5.375,0
0,1,0,0,0,0,0,0,0,5,4.477382531,0,27.97647059,4.75,0
0,1,0,0,0,0,0,0,0,14,4.63609503,4,32.22105263,5,1
0,0,0,0,1,0,0,0,0,11,4.821421292,3,31.15897436,6.692307692,0
1,0,0,0,0,0,0,0,0,19,5.661217302,4,30.95454545,5.185185185,1
0,1,0,0,0,0,0,0,0,4,4.453041877,2,31.37142857,6.833333333,0
0,1,0,0,0,0,0,0,0,6,3.93228501,3,26.53333333,5,0
0,1,0,0,0,0,0,0,0,3,3.995188055,2,26,5.5,0
0,1,0,0,0,0,0,0,0,4,3.588857623,1,29.85454545,5.142857143,0
0,0,0,0,1,0,0,0,0,6,3.012037383,1,35.33333333,5.25,0
0,1,0,0,0,0,0,0,0,6,4.118631958,3,28.14901961,6.571428571,1
0,1,0,0,0,0,0,0,0,3,2.954651518,1,34.71111111,5.666666667,0
0,1,0,0,0,0,0,0,0,4,3.249195886,1,29.85454545,5.571428571,0
0,1,0,0,0,0,0,0,0,5,4.655438297,0,32.66666667,5.75,0
0,1,0,0,0,0,0,0,0,6,4.322107567,3,32.66666667,6.428571429,0
0,1,0,0,0,0,0,0,0,7,4.526108926,3,29.86666667,6.083333333,0
1,0,0,0,0,0,0,0,0,6,3.885067301,3,28.38787879,6.7,1
0,0,1,0,0,0,0,0,0,4,4.780080286,2,32.33333333,7.125,1
0,0,1,0,0,0,0,0,0,3,7.979661888,2,32.4,6.714285714,0
0,1,0,0,0,0,0,0,0,4,3.398663414,2,29.06666667,5.75,0
0,1,0,0,0,0,0,0,0,3,3.56120913,1,33.2,5.2,0
0,0,0,0,1,0,0,0,0,5,5.644057276,2,18.2,5.75,0
0,0,0,0,0,0,0,0,1,5,6.177759823,3,29.06666667,5.3,1
0,1,0,0,0,0,0,0,0,3,3.186802426,2,28.46666667,7.5,0
0,0,0,0,0,1,0,0,0,3,5.196032476,2,30.29230769,7.8,0
0,1,0,0,0,0,0,0,0,3,4.044188523,0,26.73846154,4.5,0
0,0,0,0,0,0,1,0,0,23,6.415848071,5,54.30769231,7.333333333,2
0,1,0,0,0,0,0,0,0,4,4.016547726,1,35.96923077,5.142857143,1
0,1,0,0,0,0,0,0,0,7,4.364113629,2,23.2,5.666666667,1
0,0,0,1,0,0,0,0,0,18,6.547900233,1,23.33333333,2.892857143,2
0,1,0,0,0,0,0,0,0,3,4.354667091,2,34,5.857142857,1
0,0,0,0,0,1,0,0,0,5,4.448917104,1,22,4.166666667,1
1,0,0,0,0,0,0,0,0,13,5.110318994,1,30.46451613,4.142857143,1
0,0,0,0,0,0,0,0,1,4,4.584742573,1,31.46666667,5.75,2
0,0,0,0,0,1,0,0,0,2,5.4231409,1,22.4,9,0
0,0,1,0,0,0,0,0,0,3,4.778752553,1,35.73333333,5.333333333,0
0,0,0,1,0,0,0,0,0,1,4.786658062,1,22.4,6.5,0
0,0,0,0,0,1,0,0,0,1,5.18591191,1,22.4,4.5,0
0,0,0,0,0,0,0,0,1,2,4.710670801,1,35.73333333,5,0
0,1,0,0,0,0,0,0,0,13,5.022112949,2,33.76666667,5.227272727,1
0,1,0,0,0,0,0,0,0,6,4.01479389,1,32.89230769,7.714285714,2
0,0,0,0,0,1,0,0,0,14,7.092367759,2,22.84615385,3.304347826,2
0,0,0,0,0,0,1,0,0,6,5.184029576,2,19.94285714,4.666666667,0
0,0,0,0,0,0,1,0,0,6,4.813227759,1,24.66666667,2.555555556,1
0,1,0,0,0,0,0,0,0,4,4.239758512,1,34.8,6.142857143,0
0,1,0,0,0,0,0,0,0,18,5.059766101,1,34,3.315789474,1
0,0,0,0,1,0,0,0,0,16,5.045786987,2,28.65263158,4.157894737,1
0,1,0,0,0,0,0,0,0,7,4.747699623,2,34.17142857,5.333333333,1
0,0,0,1,0,0,0,0,0,7,3.832288337,1,37.89090909,5.692307692,1
0,0,0,0,0,0,1,0,0,4,5.321040293,1,40.76363636,6.6,0
0,0,0,0,0,1,0,0,0,19,7.198265509,4,33.94022989,6.55,2
0,0,0,1,0,0,0,0,0,12,6.114885579,2,30.53333333,4.25,1
0,1,0,0,0,0,0,0,0,6,4.538969874,2,31.63529412,5.777777778,2
0,1,0,0,0,0,0,0,0,8,4.938753519,3,34.66666667,5.631578947,2
0,0,0,0,0,1,0,0,0,5,4.448917104,1,22,4.166666667,0
1,0,0,0,0,0,0,0,0,13,5.110318994,1,30.46451613,4.142857143,2
0,0,0,0,0,0,0,0,1,4,4.584742573,1,31.46666667,5.75,1
0,0,0,0,0,1,0,0,0,2,5.4231409,1,22.4,9,0
0,0,1,0,0,0,0,0,0,3,4.778752553,1,35.73333333,5.333333333,0
0,0,0,1,0,0,0,0,0,1,4.786658062,1,22.4,6.5,0
0,0,0,0,0,1,0,0,0,1,5.18591191,1,22.4,4.5,0
0,0,0,0,0,0,0,0,1,2,4.710670801,1,35.73333333,5,0
0,1,0,0,0,0,0,0,0,13,5.022112949,2,33.76666667,5.227272727,1
0,1,0,0,0,0,0,0,0,6,4.01479389,1,32.89230769,7.714285714,1
0,0,0,0,0,1,0,0,0,14,7.092367759,2,22.84615385,3.304347826,1
0,0,0,0,0,0,1,0,0,6,5.184029576,2,19.94285714,4.666666667,1
0,0,0,0,0,0,1,0,0,6,4.813227759,1,24.66666667,2.555555556,1
0,1,0,0,0,0,0,0,0,4,4.239758512,1,34.8,6.142857143,0
0,1,0,0,0,0,0,0,0,34,6.496724055,3,35.2,3.918918919,2
0,1,0,0,0,0,0,0,0,7,4.747699623,2,34.17142857,5.333333333,1
0,0,0,1,0,0,0,0,0,7,3.832288337,1,37.89090909,5.692307692,1
0,0,0,0,0,0,1,0,0,4,5.321040293,1,40.76363636,6.6,1
0,0,0,0,0,1,0,0,0,19,6.777889055,4,48.82857143,7.052631579,2
0,0,0,0,0,0,0,1,0,40,5.922660514,3,27.51794872,3.555555556,2
0,0,0,0,0,0,0,1,0,26,8.587011555,10,32.96140351,5.046511628,2
1,0,0,0,0,0,0,0,0,25,6.752772348,5,27.75780822,4.818181818,1
0,0,0,0,0,1,0,0,0,5,4.448917104,1,22,4.166666667,1
1,0,0,0,0,0,0,0,0,13,5.110318994,1,30.46451613,4.142857143,1
0,0,0,0,0,0,0,0,1,4,4.584742573,1,31.46666667,5.75,0
0,0,0,0,0,1,0,0,0,2,5.4231409,1,22.4,9,0
0,0,1,0,0,0,0,0,0,3,4.778752553,1,35.73333333,5.333333333,0
0,0,0,1,0,0,0,0,0,1,4.786658062,1,22.4,6.5,0
0,0,0,0,0,1,0,0,0,1,5.18591191,1,22.4,4.5,0
0,0,0,0,0,0,0,0,1,2,4.710670801,1,35.73333333,5,0
0,1,0,0,0,0,0,0,0,13,5.022112949,2,33.76666667,5.227272727,1
0,1,0,0,0,0,0,0,0,6,4.01479389,1,32.89230769,7.714285714,1
0,0,0,0,0,1,0,0,0,14,7.092367759,2,22.84615385,3.304347826,2
0,0,0,0,0,0,1,0,0,6,5.184029576,2,19.94285714,4.666666667,1
0,0,0,0,0,0,1,0,0,6,4.813227759,1,24.66666667,2.555555556,1
0,1,0,0,0,0,0,0,0,4,4.239758512,1,34.8,6.142857143,0
0,1,0,0,0,0,0,0,0,34,6.496724055,3,35.2,3.918918919,2
0,1,0,0,0,0,0,0,0,7,4.747699623,2,34.17142857,5.333333333,2
0,0,0,1,0,0,0,0,0,7,3.832288337,1,37.89090909,5.692307692,1
0,0,0,0,0,0,0,0,1,2,3.045237495,1,31.6,7.333333333,0
0,0,0,0,0,1,0,0,0,2,5.022830614,1,34.71111111,6,0
0,0,1,0,0,0,0,0,0,3,3.373170372,1,28.2,7,0
0,1,0,0,0,0,0,0,0,3,3.04123415,2,24.02222222,7,0
0,1,0,0,0,0,0,0,0,3,3.293727961,2,26.6,5.333333333,0
0,1,0,0,0,0,0,0,0,2,2.735803906,1,34,7.333333333,0
0,0,0,0,0,1,0,0,0,4,3.578675664,2,22,5.75,0
0,1,0,0,0,0,0,0,0,3,5.022622193,1,38.2,7.4,0
0,0,1,0,0,0,0,0,0,4,7.34778264,2,27,9.833333333,0
0,1,0,0,0,0,0,0,0,4,2.757790514,2,25.73333333,6.5,0
0,1,0,0,0,0,0,0,0,4,3.711886582,1,29.85454545,5.6,1
0,1,0,0,0,0,0,0,0,3,4.07219592,1,31.46666667,6.25,0
0,1,0,0,0,0,0,0,0,4,3.982573148,1,30.26666667,4.8,0
0,1,0,0,0,0,0,0,0,4,3.568387534,1,25.82222222,6.25,0
0,0,0,0,1,0,0,0,0,5,4.786352974,2,24.57647059,6.833333333,0
0,1,0,0,0,0,0,0,0,3,4.264815814,1,29.81538462,5.285714286,1
0,0,0,0,0,1,0,0,0,4,4.73809553,1,28.13333333,6.5,1
0,0,0,0,0,0,0,0,1,4,3.695441282,2,25.73333333,5.8,0
0,0,0,0,0,1,0,0,0,4,4.425052774,2,24.13846154,5.4,0
0,0,0,0,0,1,0,0,0,3,3.572201578,2,22.8,6.75,1
0,1,0,0,0,0,0,0,0,4,3.718040914,1,28,6.4,0
0,0,0,0,0,1,0,0,0,4,4.40263488,1,29.81538462,6.75,1
0,0,0,0,0,1,0,0,0,3,3.819659092,1,36,7.25,0
0,0,0,0,0,1,0,0,0,3,4.69411415,1,26.21818182,6.333333333,0
0,0,1,0,0,0,0,0,0,4,4.852649448,1,37.08571429,9,0
0,1,0,0,0,0,0,0,0,2,3.961705957,1,25.65714286,5.666666667,0
1,0,0,0,0,0,0,0,0,3,3.989948489,1,28.2,4.5,0
0,1,0,0,0,0,0,0,0,4,3.403634242,1,30.26666667,6.4,0
0,0,0,0,0,1,0,0,0,3,4.076158519,1,28,6.25,0
0,1,0,0,0,0,0,0,0,4,4.184835195,1,30.26666667,6.6,0
1,0,0,0,0,0,0,0,0,3,4.728166865,1,32,8,0
0,1,0,0,0,0,0,0,0,4,4.295479705,2,22.4,5.75,0
0,1,0,0,0,0,0,0,0,4,3.507734873,1,28,4.571428571,1
0,0,1,0,0,0,0,0,0,4,5.907112307,1,36,5.333333333,1
0,0,0,0,0,1,0,0,0,2,4.342712433,1,22.4,4.5,0
0,0,0,0,0,0,0,0,1,5,3.886622081,2,28.51428571,4.714285714,0
0,1,0,0,0,0,0,0,0,4,3.684085248,1,30.26666667,5.4,0
0,1,0,0,0,0,0,0,0,4,4.777280149,1,26.54736842,3.5,0
0,1,0,0,0,0,0,0,0,4,3.331159649,2,24.13846154,6.2,0
1,0,0,0,0,0,0,0,0,3,3.757118377,1,28,6.5,1
0,0,1,0,0,0,0,0,0,3,6.182638584,1,38.2,5.8,0
0,1,0,0,0,0,0,0,0,5,3.613923873,1,29.85454545,6.666666667,1
0,0,0,0,0,1,0,0,0,4,4.258566384,1,32.66666667,4.333333333,1
0,0,0,0,0,1,0,0,0,4,4.224193264,1,28.13333333,5.25,0
0,0,0,0,0,1,0,0,0,4,4.532118054,1,29.81538462,5.8,0
0,0,0,0,0,1,0,0,0,4,3.882774495,2,20.38181818,5,1
0,1,0,0,0,0,0,0,0,4,4.162449257,1,28.13333333,5.5,1
0,0,1,0,0,0,0,0,0,3,4.980355854,1,32,6.25,1
0,0,0,0,1,0,0,0,0,2,4.607826939,1,23.2,5.666666667,0
0,0,0,0,0,1,0,0,0,3,5.013730932,1,28,8.333333333,0
0,1,0,0,0,0,0,0,0,4,4.788210695,1,32,6.5,1
0,0,0,0,0,1,0,0,0,3,3.572201578,1,31.46666667,6.75,1
0,0,0,0,0,0,0,1,0,4,4.427244899,1,28.13333333,6.5,1
0,0,0,0,0,1,0,0,0,4,4.626089349,2,24.33333333,6.75,1
0,0,0,0,0,1,0,0,0,3,5.018498301,1,32.89230769,6.2,1
0,0,0,0,0,1,0,0,0,3,3.478331823,1,33.2,8.333333333,0
0,0,0,0,0,1,0,0,0,2,4.873834756,1,13.2,3,0
0,1,0,0,0,0,0,0,0,4,3.844718511,2,25.73333333,5,0
0,1,0,0,0,0,0,0,0,2,4.251494506,1,28.2,6.25,0
0,0,0,0,0,1,0,0,0,5,4.493509267,1,33.9,5.857142857,0
0,0,0,0,0,1,0,0,0,2,3.579612795,1,33.2,6.666666667,0
0,0,0,0,0,1,0,0,0,4,3.225627988,1,29.81538462,5.75,0
0,0,0,0,0,1,0,0,0,3,4.439278092,1,28.13333333,5.833333333,0
0,1,0,0,0,0,0,0,0,4,3.914206765,1,26.21818182,6.2,0
0,0,0,0,0,1,0,0,0,4,3.813128527,1,34.17142857,4.8,0
0,0,0,0,0,1,0,0,0,3,3.296559351,1,32,5,0
0,1,0,0,0,0,0,0,0,2,4.282133584,1,25.82222222,6.25,0
0,1,0,0,0,0,0,0,0,3,3.520064887,1,26.73846154,4.5,1
0,0,0,0,0,1,0,0,0,3,4.164184514,1,25.82222222,6.75,2
0,0,0,0,0,1,0,0,0,3,5.279618945,1,29.85454545,5.75,1
0,1,0,0,0,0,0,0,0,4,3.446299342,1,25.82222222,7.5,1
0,0,0,0,0,1,0,0,0,3,3.369428018,1,33.49090909,7.333333333,1
1,0,0,0,0,0,0,0,0,5,3.963109669,2,23.2,5.666666667,1
0,1,0,0,0,0,0,0,0,5,4.37137674,1,29.81538462,5.857142857,2
0,0,0,0,0,1,0,0,0,3,4.348750173,1,20,5.333333333,1
0,0,0,0,0,1,0,0,0,2,4.537446273,1,23.2,5.333333333,0
0,1,0,0,0,0,0,0,0,4,4.660488831,1,29.81538462,7.4,0
0,1,0,0,0,0,0,0,0,5,3.74512945,1,30,4.428571429,2
0,0,0,0,0,1,0,0,0,4,3.655126317,1,29.81538462,5.5,0
0,0,0,0,0,1,0,0,0,3,3.533895094,1,26.21818182,5,1
0,0,0,0,0,1,0,0,0,3,4.868784079,2,22.4,5.75,0
0,0,0,0,0,0,0,1,0,4,3.951185964,1,30,3.285714286,0
0,0,0,0,0,1,0,0,0,3,4.584128298,1,26.21818182,5.666666667,0
0,0,1,0,0,0,0,0,0,5,4.39604573,1,29.81538462,6.6,0
0,1,0,0,0,0,0,0,0,5,4.131412467,1,28.13333333,6.166666667,0
0,0,0,0,0,1,0,0,0,4,3.910942568,1,37.12727273,7.6,1
0,0,0,0,0,1,0,0,0,4,3.066546944,1,34.8,5.8,0
0,0,0,0,0,1,0,0,0,4,3.743699521,1,28.45714286,6.4,0
0,1,0,0,0,0,0,0,0,5,3.873081001,1,38.13333333,6.142857143,1
0,0,0,0,0,1,0,0,0,4,3.564464522,1,34.8,6.2,0
0,0,0,0,0,1,0,0,0,4,3.822661601,1,24.8,7.75,0
0,1,0,0,0,0,0,0,0,3,4.290032176,1,25.82222222,6.5,0
0,1,0,0,0,0,0,0,0,4,3.69919957,1,30.26666667,7.5,1
0,0,0,0,1,0,0,0,0,2,4.741703455,1,25.82222222,5.5,1
0,1,0,0,0,0,0,0,0,3,4.903599596,1,29.85454545,7,0
0,1,0,0,0,0,0,0,0,5,3.922661861,1,39.15555556,7.8,1
0,0,0,0,0,1,0,0,0,4,3.625245897,1,38.13333333,5,0
0,0,0,0,0,0,0,0,1,5,4.039394779,1,26.21818182,5.428571429,2
0,0,0,0,0,1,0,0,0,4,5.095573641,1,37.12727273,7.6,0
0,0,0,0,0,1,0,0,0,3,3.823258291,1,26.21818182,6.5,0
0,0,0,0,0,1,0,0,0,3,3.375530369,1,32,5.5,0
0,0,0,0,0,1,0,0,0,1,5.160818597,1,33.2,6,1
0,1,0,0,0,0,0,0,0,3,3.566758864,1,31.37142857,6.25,0
0,0,0,0,0,1,0,0,0,2,4.614919405,1,25.65714286,4.333333333,1
0,1,0,0,0,0,0,0,0,5,4.874986713,1,34.17142857,5.142857143,2
0,0,0,0,0,1,0,0,0,5,3.859542456,1,34.17142857,5.166666667,0
0,1,0,0,0,0,0,0,0,3,5.241489378,1,29.81538462,6.6,1
0,0,0,0,0,1,0,0,0,4,6.303274169,1,32.66666667,5,0
0,0,0,0,0,1,0,0,0,4,4.743590257,1,29.85454545,5.5,0
0,1,0,0,0,0,0,0,0,3,2.884332274,1,29.85454545,6.666666667,0
0,0,0,0,0,1,0,0,0,4,3.17817493,2,22,6.25,1
0,1,0,0,0,0,0,0,0,4,4.434744702,1,29.81538462,6,2
0,0,0,0,0,1,0,0,0,3,4.185029916,1,26.21818182,6.75,1
0,1,0,0,0,0,0,0,0,4,3.010888975,2,25.65714286,6,1
0,1,0,0,0,0,0,0,0,5,3.112673819,1,29.81538462,5.428571429,0
0,1,0,0,0,0,0,0,0,6,4.39219632,1,34.17142857,6.222222222,2
0,0,0,0,0,1,0,0,0,3,5.924120142,1,32.89230769,6.2,1
0,1,0,0,0,0,0,0,0,5,3.465995082,1,22.58181818,5.6,1
0,1,0,0,0,0,0,0,0,6,3.30496723,2,30.7,5.5,0
0,0,0,0,0,1,0,0,0,5,3.726271418,2,26.92941176,5.6,0
0,1,0,0,0,0,0,0,0,5,4.218561707,1,32.89230769,5.25,1
0,0,0,1,0,0,0,0,0,6,4.135810971,2,24.57647059,6.571428571,1
0,1,0,0,0,0,0,0,0,6,4.394323334,2,23.6,5.5,2
0,1,0,0,0,0,0,0,0,3,3.675887515,1,30.26666667,4.666666667,2
0,0,0,0,1,0,0,0,0,6,5.136063452,1,33.9,4.428571429,1
0,1,0,0,0,0,0,0,0,5,3.154874719,1,29.85454545,5.666666667,0
0,0,0,0,0,1,0,0,0,6,3.488207321,2,25.65714286,6.833333333,0
0,1,0,0,0,0,0,0,0,5,3.979450611,1,21.46666667,6.4,1
0,1,0,0,0,0,0,0,0,3,3.432717605,1,29.85454545,7.666666667,0
0,1,0,0,0,0,0,0,0,6,3.833692091,1,26.73846154,5.666666667,0
0,0,0,0,0,0,0,1,0,4,3.854020519,1,26.73846154,5.833333333,1
0,1,0,0,0,0,0,0,0,4,3.737551301,1,33.49090909,5.166666667,1
0,1,0,0,0,0,0,0,0,5,3.714732883,1,28.45714286,5.857142857,0
0,0,0,0,0,1,0,0,0,4,3.49908774,1,26.73846154,5,0
0,1,0,0,0,0,0,0,0,6,2.9747226,1,26.73846154,5,1
0,0,0,0,0,1,0,0,0,4,4.65289226,1,28.45714286,4.571428571,1
0,1,0,0,0,0,0,0,0,6,3.672159245,1,33.86666667,5.272727273,0
0,0,0,0,0,1,0,0,0,3,3.937829477,1,37.12727273,5.6,0
0,1,0,0,0,0,0,0,0,5,3.723952672,1,28.45714286,5.428571429,1
0,1,0,0,0,0,0,0,0,6,4.519181651,1,33.9,5,2
0,0,0,0,0,1,0,0,0,5,5.096202274,1,31.64444444,5.428571429,1
1,0,0,0,0,0,0,0,0,8,4.190841375,1,32.86315789,6.1,0
0,0,0,0,0,1,0,0,0,5,3.77482386,2,20.7,5.5,0
0,1,0,0,0,0,0,0,0,6,3.912701478,1,35.03529412,4.888888889,1
0,1,0,0,0,0,0,0,0,5,3.225310585,1,29.81538462,5.142857143,2
0,0,0,0,0,1,0,0,0,6,3.346258331,2,28.04444444,6.142857143,1
1,0,0,0,0,0,0,0,0,4,3.940430028,2,27.21538462,6,1
0,0,0,0,1,0,0,0,0,8,3.933044772,2,27.05714286,5.777777778,1
1,0,0,0,0,0,0,0,0,5,3.199079295,1,26.21818182,5.666666667,1
0,0,0,0,0,1,0,0,0,7,4.546874819,2,23.24761905,5,1
0,1,0,0,0,0,0,0,0,5,4.1762324,1,23.66153846,6,2
0,0,0,0,0,1,0,0,0,5,3.099636991,1,31.31428571,6.8,1
0,1,0,0,0,0,0,0,0,6,3.769197509,1,31.4,5.111111111,0
0,0,0,0,1,0,0,0,0,5,3.258406706,2,21.66666667,5.166666667,0
0,1,0,0,0,0,0,0,0,4,4.147400742,1,28,5.6,2
0,1,0,0,0,0,0,0,0,4,3.335208624,2,27.21538462,5.2,2
1,0,0,0,0,0,0,0,0,4,3.990375324,1,28.13333333,6,1
0,0,0,0,0,1,0,0,0,5,3.746196606,2,30.7,5.833333333,2
1,0,0,0,0,0,0,0,0,6,3.731235276,1,27.33333333,5,1
0,1,0,0,0,0,0,0,0,5,3.232664352,1,31.46666667,5.2,0
0,1,0,0,0,0,0,0,0,5,4.069847636,1,26.21818182,5.8,1
0,0,0,0,0,1,0,0,0,6,3.951105266,2,23.6,4.875,0
0,1,0,0,0,0,0,0,0,5,3.311727319,1,34.8,5.285714286,1
0,1,0,0,0,0,0,0,0,4,3.392537488,1,29.81538462,6.5,2
1,0,0,0,0,0,0,0,0,7,4.270334362,1,36.08888889,5.4,2
0,0,0,0,0,1,0,0,0,4,3.574916195,1,29.81538462,6,0
1,0,0,0,0,0,0,0,0,5,3.568661429,1,24.8,6,0
0,1,0,0,0,0,0,0,0,4,2.805605775,1,29.85454545,6.8,0
1,0,0,0,0,0,0,0,0,4,3.729842646,1,32,6.5,1
0,0,0,0,0,1,0,0,0,5,5.924120142,1,36.08888889,5,2
0,1,0,0,0,0,0,0,0,5,3.701212939,1,29.81538462,5.857142857,1
0,0,0,0,0,1,0,0,0,6,3.477553343,2,24.33333333,7.666666667,1
1,0,0,0,0,0,0,0,0,5,3.198845097,1,29.81538462,5.428571429,1
0,1,0,0,0,0,0,0,0,6,3.501354292,1,33.86666667,4.888888889,1
0,0,0,0,0,1,0,0,0,3,3.085613769,1,34.71111111,7,0
0,1,0,0,0,0,0,0,0,6,4.908624,1,26.4,5.75,2
0,0,0,0,0,1,0,0,0,7,3.895045531,2,27.20869565,4.444444444,1
1,0,0,0,0,0,0,0,0,5,3.812740576,1,28.13333333,6,2
0,0,0,0,0,1,0,0,0,4,6.846316124,2,24.33333333,5,0
0,0,0,0,0,1,0,0,0,3,4.416002534,1,28.45714286,4.142857143,0
1,0,0,0,0,0,0,0,0,3,3.432360776,1,28.2,6.4,2
0,0,0,0,0,0,0,0,1,2,4.374613627,1,25.82222222,5.75,1
0,1,0,0,0,0,0,0,0,5,3.208662897,1,29.81538462,4.428571429,0
0,1,0,0,0,0,0,0,0,5,3.008654315,1,31.31428571,7.4,1
0,1,0,0,0,0,0,0,0,5,3.908436301,1,38.13333333,6.714285714,0
0,0,0,0,0,1,0,0,0,3,4.702609877,1,26.73846154,3.833333333,1
0,0,0,0,0,1,0,0,0,4,4.122227227,1,34.17142857,5.2,1
0,1,0,0,0,0,0,0,0,6,4.528136295,1,28.45714286,6,2
0,0,0,0,0,1,0,0,0,4,4.154423558,1,26.73846154,4.166666667,0
0,0,0,0,0,1,0,0,0,5,3.455202564,1,34.17142857,4.666666667,0
0,1,0,0,0,0,0,0,0,4,3.257378935,1,37.12727273,7,2
0,1,0,0,0,0,0,0,0,13,5.105120407,2,37.65,5.631578947,2
0,1,0,0,0,0,0,0,0,6,4.188545246,1,40.53333333,6.090909091,2
0,1,0,0,0,0,0,0,0,4,5.567052449,3,26.92121212,6.166666667,2
0,0,1,0,0,0,0,0,0,4,4.99229963,1,34.71111111,9,1
0,1,0,0,0,0,0,0,0,7,3.878369423,2,32.33333333,6.888888889,1
0,1,0,0,0,0,0,0,0,13,6.252521933,2,35.15,4.8,2
0,1,0,0,0,0,0,0,0,7,4.68442215,1,42.93333333,5.428571429,2
0,1,0,0,0,0,0,0,0,9,4.309657716,1,40.50434783,6.307692308,2
0,1,0,0,0,0,0,0,0,4,3.485285951,1,33.49090909,6.125,1
0,1,0,0,0,0,0,0,0,7,3.836898315,2,30.26666667,5.7,1
0,1,0,0,0,0,0,0,0,3,4.326773611,2,24.01818182,7.6,0
0,1,0,0,0,0,0,0,0,3,3.910106603,2,26,7.25,0
0,1,0,0,0,0,0,0,0,4,3.257378935,1,37.12727273,7,2
0,1,0,0,0,0,0,0,0,13,5.105120407,2,37.65,5.631578947,2
0,1,0,0,0,0,0,0,0,6,4.188545246,1,40.53333333,6.090909091,2
0,1,0,0,0,0,0,0,0,4,5.567052449,3,26.92121212,6.166666667,1
0,0,1,0,0,0,0,0,0,4,4.99229963,1,34.71111111,9,1
0,1,0,0,0,0,0,0,0,7,3.878369423,2,32.33333333,6.888888889,0
0,1,0,0,0,0,0,0,0,13,6.252521933,2,35.15,4.8,2
0,1,0,0,0,0,0,0,0,7,4.68442215,1,42.93333333,5.428571429,2
0,1,0,0,0,0,0,0,0,9,4.309657716,1,40.50434783,6.307692308,2
0,1,0,0,0,0,0,0,0,4,3.485285951,1,33.49090909,6.125,0
0,1,0,0,0,0,0,0,0,7,3.836898315,2,30.26666667,5.7,2
0,1,0,0,0,0,0,0,0,3,4.326773611,2,24.01818182,7.6,0
0,1,0,0,0,0,0,0,0,3,3.910106603,2,26,7.25,0
0,1,0,0,0,0,0,0,0,4,3.477798585,1,34.71111111,8,2
0,1,0,0,0,0,0,0,0,5,3.380257944,1,31.46666667,7.6,0
0,1,0,0,0,0,0,0,0,4,3.508076145,1,33.49090909,5.5,0
0,0,1,0,0,0,0,0,0,3,3.8258782,1,37.08571429,12,0
0,0,0,0,0,0,0,1,0,2,4.921170171,1,33.49090909,7.2,1
0,1,0,0,0,0,0,0,0,5,3.242254806,1,32,7.833333333,1
0,1,0,0,0,0,0,0,0,4,3.125461869,1,38.13333333,6.571428571,0
0,1,0,0,0,0,0,0,0,6,3.45997651,1,34.17142857,5.888888889,1
0,0,0,0,0,1,0,0,0,3,3.82684239,1,31.46666667,6.8,0
0,1,0,0,0,0,0,0,0,4,4.91171448,1,34.8,6.5,0
0,1,0,0,0,0,0,0,0,4,4.04584298,2,30.29230769,5.2,1
0,1,0,0,0,0,0,0,0,4,3.391465034,1,29.85454545,7.6,0
0,1,0,0,0,0,0,0,0,4,3.391469962,1,35.96923077,5.1,1
0,1,0,0,0,0,0,0,0,4,2.716136201,1,30.26666667,8.6,0
0,1,0,0,0,0,0,0,0,3,3.624769733,1,34.71111111,7.4,0
0,1,0,0,0,0,0,0,0,6,3.606989555,1,31.4,5.8,1
0,1,0,0,0,0,0,0,0,4,2.897671314,1,26.21818182,8.6,0
0,0,0,0,1,0,0,0,0,2,4.864627601,1,33.49090909,6.2,0
0,0,1,0,0,0,0,0,0,4,4.288874795,1,36,7,0
0,0,0,0,0,1,0,0,0,3,3.488677896,1,29.85454545,10.66666667,0
1,0,0,0,0,0,0,0,0,7,3.50216945,1,31.4,5.777777778,1
0,1,0,0,0,0,0,0,0,3,3.692965038,1,34.71111111,5.2,1
0,1,0,0,0,0,0,0,0,4,3.482282669,1,32,7.6,0
0,0,0,0,1,0,0,0,0,2,4.945720623,1,33.49090909,6.2,0
0,1,0,0,0,0,0,0,0,5,3.244157377,1,29.81538462,6.142857143,0
0,1,0,0,0,0,0,0,0,5,3.543371328,1,41.46666667,6.285714286,0
0,0,0,0,0,1,0,0,0,3,3.484017886,1,31.46666667,6.6,0
0,1,0,0,0,0,0,0,0,4,3.683262752,1,34.8,6.5,0
0,1,0,0,0,0,0,0,0,7,3.58632262,1,31.4,5.555555556,1
0,0,0,0,1,0,0,0,0,3,4.158801454,1,34.17142857,7.833333333,1
0,1,0,0,0,0,0,0,0,5,4.98555001,1,37.02857143,6,0
0,1,0,0,0,0,0,0,0,4,3.646879512,1,33.49090909,6.166666667,1
0,1,0,0,0,0,0,0,0,4,4.01075907,1,31.46666667,8.333333333,1
0,1,0,0,0,0,0,0,0,4,3.301320749,1,30.26666667,7.4,0
0,0,1,0,0,0,0,0,0,3,4.410327795,1,37.08571429,6,0
0,0,0,0,0,1,0,0,0,3,3.691941714,1,29.85454545,6.75,0
0,1,0,0,0,0,0,0,0,6,3.601799684,1,34.96842105,5.5,1
0,1,0,0,0,0,0,0,0,5,3.88619755,1,33.49090909,8,0
0,0,0,0,0,1,0,0,0,3,3.008562689,1,31.46666667,6.4,0
0,1,0,0,0,0,0,0,0,5,3.811374955,1,31.31428571,6.875,0
0,1,0,0,0,0,0,0,0,5,4.589394254,1,29.81538462,3.714285714,0
1,0,0,0,0,0,0,0,0,5,3.517211334,1,38.31111111,5.461538462,2
0,1,0,0,0,0,0,0,0,4,3.412814828,1,33.49090909,7.333333333,1
0,0,0,0,0,1,0,0,0,5,3.842786877,1,35.33333333,7.333333333,0
0,1,0,0,0,0,0,0,0,4,2.74055674,1,32,8.4,1
0,0,0,0,0,1,0,0,0,3,3.284932275,1,29.81538462,6,0
0,1,0,0,0,0,0,0,0,7,3.518519172,1,34.96842105,5,1
0,1,0,0,0,0,0,0,0,6,4.070603968,1,36.4,6.222222222,1
0,0,0,0,0,1,0,0,0,3,4.36175345,1,32.89230769,8,1
0,0,1,0,0,0,0,0,0,3,3.565703165,1,38.2,8,0
0,0,0,0,0,1,0,0,0,4,4.036146416,1,29.81538462,8,0
0,1,0,0,0,0,0,0,0,7,3.722676216,1,27.97647059,5.1,1
0,1,0,0,0,0,0,0,0,3,3.136675882,1,30.26666667,6.8,1
0,0,0,0,0,1,0,0,0,3,3.87192513,1,41.46666667,6.6,0
0,1,0,0,0,0,0,0,0,4,3.35502887,1,28,6.8,0
0,1,0,0,0,0,0,0,0,5,2.891542219,1,31.31428571,6,1
0,1,0,0,0,0,0,0,0,4,3.203666954,1,33.2,8.8,1
0,1,0,0,0,0,0,0,0,4,3.226199621,1,33.49090909,7.5,1
0,0,0,0,0,0,0,1,0,3,3.642575577,1,26.73846154,7.4,0
0,1,0,0,0,0,0,0,0,4,3.638794628,1,38.2,6.6,0
0,0,0,0,0,1,0,0,0,2,3.611283555,1,36,7.5,0
1,0,0,0,0,0,0,0,0,5,3.371238856,1,32.89230769,6.75,1
0,1,0,0,0,0,0,0,0,4,3.105870463,1,29.85454545,6.8,1
0,1,0,0,0,0,0,0,0,4,4.114572068,1,37.12727273,7.833333333,2
0,0,0,0,0,1,0,0,0,4,3.656298379,1,34.8,6.4,0
1,0,0,0,0,0,0,0,0,5,3.27715998,1,32.89230769,5.875,0
0,1,0,0,0,0,0,0,0,4,3.756863339,1,29.85454545,6.4,0
0,0,0,0,1,0,0,0,0,3,4.772721136,1,33.49090909,8.8,0
0,1,0,0,0,0,0,0,0,6,3.404640568,1,36,5.833333333,1
0,0,0,0,0,1,0,0,0,3,4.036017399,1,31.46666667,7,0
0,1,0,0,0,0,0,0,0,4,3.465606446,1,26.21818182,7.2,1
0,1,0,0,0,0,0,0,0,5,3.15065559,1,34.17142857,5.666666667,1
0,1,0,0,0,0,0,0,0,4,3.430162193,1,33.49090909,7.333333333,1
0,0,0,0,1,0,0,0,0,3,3.808891385,1,29.81538462,6.833333333,0
0,1,0,0,0,0,0,0,0,5,3.781264724,1,29.81538462,7,2
0,0,0,0,0,1,0,0,0,3,4.501455072,1,29.81538462,5.4,2
0,1,0,0,0,0,0,0,0,5,3.430902501,1,37.02857143,6,2
0,1,0,0,0,0,0,0,0,5,3.394523944,1,37.12727273,8,1
0,0,0,0,0,1,0,0,0,4,3.97622491,1,28.13333333,8.75,0
0,1,0,0,0,0,0,0,0,4,3.385261503,1,24,8.5,1
0,1,0,0,0,0,0,0,0,5,3.943057183,1,31.4,6.2,1
0,1,0,0,0,0,0,0,0,4,3.692330448,1,33.49090909,7.333333333,2
0,0,0,0,0,1,0,0,0,4,4.483235447,1,34.17142857,8.428571429,2
0,1,0,0,0,0,0,0,0,6,3.355005732,1,36.4,5.272727273,1
0,1,0,0,0,0,0,0,0,6,3.568711211,1,37.12727273,8.5,1
0,0,0,0,1,0,0,0,0,3,4.598391529,1,32.89230769,5.833333333,2
0,1,0,0,0,0,0,0,0,4,3.643244397,1,33.49090909,6.4,1
0,0,0,0,0,1,0,0,0,3,3.380720072,1,32.89230769,7.2,0
0,1,0,0,0,0,0,0,0,4,3.157747985,1,26.21818182,7.6,1
0,1,0,0,0,0,0,0,0,4,3.084691747,1,34.8,5.444444444,1
0,1,0,0,0,0,0,0,0,4,3.238152447,1,33.2,8,1
0,1,0,0,0,0,0,0,0,4,3.557372511,1,36,7.6,2
0,1,0,0,0,0,0,0,0,5,4.53186388,1,35.33333333,8,1
0,1,0,0,0,0,0,0,0,4,3.471314368,1,32.89230769,5.444444444,1
0,1,0,0,0,0,0,0,0,5,3.606134364,1,32,9,1
0,0,0,0,0,1,0,0,0,3,4.367171065,1,34.71111111,4,0
0,1,0,0,0,0,0,0,0,6,3.715923977,1,34.17142857,7.428571429,1
0,0,0,0,0,0,0,1,0,3,3.809180368,1,31.46666667,7.25,0
0,1,0,0,0,0,0,0,0,6,2.932309549,1,33.49090909,8,0
0,0,0,0,0,1,0,0,0,3,3.888270118,1,28.13333333,7.25,0
0,1,0,0,0,0,0,0,0,4,3.314852085,1,29.85454545,7,0
0,1,0,0,0,0,0,0,0,5,3.400799123,1,32.66666667,5.333333333,0
0,1,0,0,0,0,0,0,0,4,3.176983106,1,30.26666667,6,0
0,0,0,0,0,1,0,0,0,3,4.63122312,1,32.89230769,7.166666667,2
0,1,0,0,0,0,0,0,0,5,4.110863483,1,30,6.222222222,0
0,0,0,0,0,0,0,1,0,4,3.760629804,1,28.13333333,9.2,0
0,1,0,0,0,0,0,0,0,4,3.308652495,1,34.8,6.666666667,1
0,0,0,0,1,0,0,0,0,3,3.931065007,1,29.81538462,8.6,2
1,0,0,0,0,0,0,0,0,7,3.332090452,1,31.64444444,4.545454545,0
0,1,0,0,0,0,0,0,0,4,3.251205502,1,33.49090909,8.166666667,0
0,0,0,0,0,0,0,0,1,5,3.875207074,1,29.81538462,5.5,0
0,1,0,0,0,0,0,0,0,4,3.658928113,1,29.85454545,6.833333333,0
1,0,0,0,0,0,0,0,0,6,3.438616016,1,37.38823529,5.333333333,0
0,1,0,0,0,0,0,0,0,4,3.148892739,1,32,7.2,1
0,0,0,0,0,1,0,0,0,4,4.27873449,1,34.17142857,8.857142857,2
0,1,0,0,0,0,0,0,0,6,3.283176128,1,31.4,5.444444444,0
0,1,0,0,0,0,0,0,0,5,4.024748626,1,33.49090909,7.333333333,0
0,0,0,0,1,0,0,0,0,3,3.940859808,1,32.89230769,7,0
0,1,0,0,0,0,0,0,0,5,3.705137183,1,39.04615385,6.428571429,1
0,0,0,0,0,1,0,0,0,6,4.684050651,1,28.45714286,7.833333333,0
0,1,0,0,0,0,0,0,0,4,2.918064034,1,34.8,5.625,0
0,1,0,0,0,0,0,0,0,5,3.662402314,1,32,8,0
0,0,0,0,1,0,0,0,0,3,4.144821206,1,31.31428571,7,1
0,1,0,0,0,0,0,0,0,6,3.33552436,1,34.17142857,7.714285714,1
0,1,0,0,0,0,0,0,0,6,4.880487746,2,31.67272727,5.333333333,1
0,0,0,0,0,0,0,0,1,7,7.284827545,2,31.46666667,6.285714286,2
0,1,0,0,0,0,0,0,0,11,4.606232743,2,38.9,5.8,1
0,1,0,0,0,0,0,0,0,3,4.542162943,1,39.15555556,6.666666667,1
0,1,0,0,0,0,0,0,0,4,4.091824138,2,29.28235294,6.125,1
0,1,0,0,0,0,0,0,0,4,4.526917823,1,40.66666667,6.6,2
0,1,0,0,0,0,0,0,0,5,5.326257888,2,28.51428571,5.666666667,1
0,1,0,0,0,0,0,0,0,9,5.560161389,2,37.48421053,7.181818182,1
0,1,0,0,0,0,0,0,0,4,4.211109718,2,32.33333333,6.571428571,1
0,1,0,0,0,0,0,0,0,6,4.343942259,1,43.33333333,6.857142857,1
0,1,0,0,0,0,0,0,0,3,4.311031821,0,26.73846154,5.375,1
0,1,0,0,0,0,0,0,0,9,5.765944356,2,35.69090909,4.888888889,1
0,1,0,0,0,0,0,0,0,3,3.569373529,1,34.71111111,6.6,0
0,1,0,0,0,0,0,0,0,7,4.186183839,2,34.67619048,6.545454545,0
0,1,0,0,0,0,0,0,0,10,6.016744379,3,33.33333333,4.952380952,0
0,1,0,0,0,0,0,0,0,4,4.091824138,2,29.28235294,5.75,1
0,1,0,0,0,0,0,0,0,4,4.526917823,1,40.66666667,6.7,2
0,1,0,0,0,0,0,0,0,5,5.326257888,2,27.21538462,6,2
0,1,0,0,0,0,0,0,0,9,6.508730033,2,40.2,5.8,2
0,1,0,0,0,0,0,0,0,3,4.004004117,1,34.71111111,5.666666667,1
0,1,0,0,0,0,0,0,0,6,5.72630561,2,34,6.9,1
0,1,0,0,0,0,0,0,0,4,4.197254399,0,31.4,5.444444444,1
0,0,1,0,0,0,0,0,0,3,5.741526541,1,40,6.285714286,0
0,1,0,0,0,0,0,0,0,3,3.985261837,1,34.71111111,6.6,1
0,1,0,0,0,0,0,0,0,4,3.773576744,2,29.66666667,5.857142857,0
0,1,0,0,0,0,0,0,0,5,4.606188426,2,29.66666667,5.285714286,1
0,1,0,0,0,0,0,0,0,5,5.279476509,3,29.90175439,6.454545455,0
0,1,0,0,0,0,0,0,0,2,3.957681667,1,36,5.571428571,0
0,1,0,0,0,0,0,0,0,5,5.94987587,2,32.33333333,6.5,1
0,1,0,0,0,0,0,0,0,3,3.585285857,1,33.2,7.5,1
0,1,0,0,0,0,0,0,0,4,3.980198276,1,34.71111111,6.8,1
0,0,1,0,0,0,0,0,0,3,6.925953438,1,38.2,5.4,2
0,0,1,0,0,0,0,0,0,5,5.49794345,0,33.9,4.555555556,1
0,1,0,0,0,0,0,0,0,7,5.323748597,5,24.75151515,4.411764706,2
0,1,0,0,0,0,0,0,0,7,5.253026804,2,33.2,4.666666667,1
0,0,1,0,0,0,0,0,0,4,4.492244984,1,38.13333333,7,1
0,1,0,0,0,0,0,0,0,3,4.385099867,2,26,4.75,1
0,1,0,0,0,0,0,0,0,4,3.801698908,1,31.46666667,5.142857143,2
0,0,1,0,0,0,0,0,0,4,5.240850674,2,35.73333333,6.666666667,0
0,1,0,0,0,0,0,0,0,5,4.719684141,2,35.33333333,6.625,1
0,1,0,0,0,0,0,0,0,6,4.536325524,2,31.37142857,6.833333333,0
0,1,0,0,0,0,0,0,0,6,4.343523501,3,28.2,5.571428571,0
1,0,0,0,0,0,0,0,0,7,5.247172112,1,35.03529412,5.222222222,1
1,0,0,0,0,0,0,0,0,22,4.994364123,3,35.01538462,5,1
0,1,0,0,0,0,0,0,0,3,3.891831725,1,38.2,4.8,0
0,1,0,0,0,0,0,0,0,8,6.906123377,3,32.63188406,6.916666667,0
0,0,0,0,0,1,0,0,0,7,4.206879457,3,28.08205128,5.818181818,0
0,0,0,0,0,1,0,0,0,6,6.546228002,3,29.46666667,5,1
0,0,0,0,0,1,0,0,0,3,4.517472616,1,35.33333333,5.5,1
0,0,0,0,0,1,0,0,0,3,7.547180101,2,31.29090909,5.6,1
0,1,0,0,0,0,0,0,0,6,5.058974703,1,38,7,2
0,0,0,0,0,1,0,0,0,5,5.464120459,1,39.74117647,7.6,2
0,0,0,0,0,1,0,0,0,7,4.805988549,2,31.16842105,7.111111111,1
0,0,0,0,0,0,0,1,0,8,4.878384022,2,33.49090909,6,1
0,1,0,0,0,0,0,0,0,11,6.161420565,3,33.73333333,6,1
0,1,0,0,0,0,0,0,0,9,4.733363143,3,33.2,6.384615385,1
0,1,0,0,0,0,0,0,0,7,5.359070847,2,37.48421053,6.692307692,1
0,1,0,0,0,0,0,0,0,3,3.826255781,1,35.73333333,7.5,0
0,1,0,0,0,0,0,0,0,3,3.334829477,1,34.71111111,6.8,1
0,1,0,0,0,0,0,0,0,3,4.060434317,1,38.2,7,2
0,1,0,0,0,0,0,0,0,4,3.613689437,2,33.36923077,5.428571429,1
0,1,0,0,0,0,0,0,0,3,3.185995999,1,37.08571429,7.333333333,0
0,1,0,0,0,0,0,0,0,3,3.477590128,1,31.37142857,6.25,0
0,1,0,0,0,0,0,0,0,4,2.961666832,1,33.2,8.25,0
0,0,0,0,1,0,0,0,0,9,5.878643622,0,25.33333333,3.272727273,1
0,1,0,0,0,0,0,0,0,5,3.816536211,1,32,5.6,0
0,0,0,1,0,0,0,0,0,3,3.771202719,1,31.46666667,6.25,0
0,1,0,0,0,0,0,0,0,3,3.6504397,1,40,6.5,0
0,1,0,0,0,0,0,0,0,5,3.963189646,1,29.85454545,8.8,1
0,0,0,1,0,0,0,0,0,4,3.425680531,2,22.8,6,2
0,1,0,0,0,0,0,0,0,3,3.780007834,2,26,5.25,0
0,1,0,0,0,0,0,0,0,10,4.802601619,2,33.13333333,6.583333333,1
0,1,0,0,0,0,0,0,0,5,4.489985231,1,40.76363636,7.285714286,2
0,1,0,0,0,0,0,0,0,3,3.970066492,2,36.44615385,5.285714286,2
0,0,1,0,0,0,0,0,0,4,3.513490172,2,34.22857143,6,1
0,0,0,1,0,0,0,0,0,7,4.232936715,1,30.75789474,5.9,2
0,1,0,0,0,0,0,0,0,3,3.126352048,1,34.71111111,6.6,1
0,1,0,0,0,0,0,0,0,6,6.294340513,2,35.7,6.75,1
0,1,0,0,0,0,0,0,0,8,4.20332226,3,31.4,6.625,2
0,0,0,1,0,0,0,0,0,7,4.373958828,1,33.86666667,5.7,2
1,0,0,0,0,0,0,0,0,7,4.467604235,1,36.08888889,5.818181818,2
0,1,0,0,0,0,0,0,0,11,4.922351018,1,37.89090909,6.818181818,2
0,1,0,0,0,0,0,0,0,7,3.864900854,2,33.36923077,6.8,1
1,0,0,0,0,0,0,0,0,7,4.43921204,1,42.75555556,6.666666667,2
0,0,0,1,0,0,0,0,0,10,4.205350254,2,34,6.307692308,2
1,0,0,0,0,0,0,0,0,6,4.556594887,1,41.4,6.9,2
1,0,0,0,0,0,0,0,0,8,3.995088564,1,36.07272727,4.333333333,1
0,0,0,0,0,1,0,0,0,7,5.421580674,1,34.17142857,4.714285714,1
0,0,0,0,0,1,0,0,0,4,5.252739634,1,34.8,5.375,0
1,0,0,0,0,0,0,0,0,5,4.339800366,1,34.17142857,5.125,1
1,0,0,0,0,0,0,0,0,6,4.474755789,1,40,6.230769231,1
1,0,0,0,0,0,0,0,0,7,4.270493447,1,31.64444444,6.2,1
1,0,0,0,0,0,0,0,0,9,5.112604354,1,34.25454545,5.636363636,2
1,0,0,0,0,0,0,0,0,5,4.344535449,1,31.31428571,5.714285714,1
1,0,0,0,0,0,0,0,0,5,4.579084689,1,35.33333333,5.333333333,2
1,0,0,0,0,0,0,0,0,6,4.62423362,1,25.62352941,6.428571429,1
1,0,0,0,0,0,0,0,0,5,4.07352955,1,34.17142857,5.25,0
1,0,0,0,0,0,0,0,0,9,4.236238974,1,35.06666667,4.818181818,1
1,0,0,0,0,0,0,0,0,9,4.959911042,1,35.6,4.846153846,2
1,0,0,0,0,0,0,0,0,7,4.613671742,1,33.86666667,5.444444444,2
0,0,0,0,0,1,0,0,0,8,4.23311116,1,40.50434783,4.461538462,2
1,0,0,0,0,0,0,0,0,6,4.530196909,1,32.68235294,6.555555556,1
1,0,0,0,0,0,0,0,0,8,4.459207631,1,37.02608696,5.666666667,1
1,0,0,0,0,0,0,0,0,8,5.286142359,2,35.90434783,5.615384615,0
1,0,0,0,0,0,0,0,0,8,4.5193987,1,36,5.7,1
0,1,0,0,0,0,0,0,0,6,4.645224543,1,43.34545455,5.111111111,0
1,0,0,0,0,0,0,0,0,8,5.638848473,1,38.8,5,0
1,0,0,0,0,0,0,0,0,7,4.535574906,1,36.08888889,6,1
1,0,0,0,0,0,0,0,0,7,6.014601563,1,37.07368421,5.6,1
0,1,0,0,0,0,0,0,0,6,5.337033988,1,32,4.5,0
1,0,0,0,0,0,0,0,0,8,4.748131492,1,39.6,5.5,1
1,0,0,0,0,0,0,0,0,10,5.58167275,1,44.65806452,5.263157895,1
1,0,0,0,0,0,0,0,0,9,4.604783571,1,32.86315789,5.777777778,1
1,0,0,0,0,0,0,0,0,7,4.184900883,1,34.96842105,5.545454545,0
1,0,0,0,0,0,0,0,0,10,5.285185161,1,38.09230769,5.230769231,1
1,0,0,0,0,0,0,0,0,9,4.584517575,1,41.26666667,6,1
1,0,0,0,0,0,0,0,0,8,5.162253672,1,36.97142857,5.272727273,1
1,0,0,0,0,0,0,0,0,7,4.573834616,1,34,5.545454545,1
1,0,0,0,0,0,0,0,0,13,4.831903597,1,37.8,5.4,0
1,0,0,0,0,0,0,0,0,10,5.466076088,1,40.42962963,5.461538462,1
1,0,0,0,0,0,0,0,0,8,4.58318972,1,38.87619048,6,0
1,0,0,0,0,0,0,0,0,9,4.631698007,1,37.93333333,6.142857143,1
1,0,0,0,0,0,0,0,0,9,5.160748324,1,38.76521739,5.692307692,1
0,1,0,0,0,0,0,0,0,5,3.475174462,2,31.37142857,5.571428571,1
0,1,0,0,0,0,0,0,0,5,3.958254202,1,39.04615385,6,2
0,1,0,0,0,0,0,0,0,2,4.199920734,1,33.2,5.4,1
0,0,0,0,0,1,0,0,0,4,5.841994125,1,37.12727273,6.8,0
0,1,0,0,0,0,0,0,0,6,4.040551601,2,26.92941176,5.5,1
0,1,0,0,0,0,0,0,0,4,4.146191139,1,40,5.333333333,1
0,0,0,0,0,1,0,0,0,4,3.915451007,2,27.21538462,6.166666667,2
0,1,0,0,0,0,0,0,0,8,3.969926293,2,32.48888889,5.5,2
0,1,0,0,0,0,0,0,0,4,3.149893426,2,30,7.25,1
0,1,0,0,0,0,0,0,0,4,3.53698559,1,40,7.333333333,0
0,0,0,0,0,1,0,0,0,4,4.302273379,1,32.89230769,5.666666667,0
0,1,0,0,0,0,0,0,0,3,3.43370453,1,34.71111111,6.4,2
0,1,0,0,0,0,0,0,0,5,3.82152746,2,28.51428571,7.5,2
0,1,0,0,0,0,0,0,0,5,3.631041194,1,37.02857143,6.125,2
0,1,0,0,0,0,0,0,0,7,4.465506782,2,29.06315789,6.222222222,2
0,1,0,0,0,0,0,0,0,5,3.930900614,1,39.04615385,6.75,2
0,0,0,0,0,1,0,0,0,2,5.021618547,1,36,6.8,0
0,1,0,0,0,0,0,0,0,4,3.145600738,1,30.26666667,6.8,1
0,0,1,0,0,0,0,0,0,4,5.211935066,1,31.4,5.666666667,2
0,1,0,0,0,0,0,0,0,6,4.146241149,1,33.9,6.625,2
0,0,0,0,0,1,0,0,0,4,4.796811639,1,31.4,6.428571429,2
0,1,0,0,0,0,0,0,0,4,3.046898479,1,38.2,6,1
0,0,0,0,0,1,0,0,0,4,4.33809614,1,28.45714286,5.6,1
0,1,0,0,0,0,0,0,0,5,4.28645851,1,33.49090909,6.333333333,1
0,1,0,0,0,0,0,0,0,4,3.328788065,1,34.8,6.333333333,2
0,0,0,0,0,1,0,0,0,3,3.821081861,1,33.49090909,6.6,0
1,0,0,0,0,0,0,0,0,7,4.431190449,1,36.97142857,4.75,1
0,0,0,0,0,1,0,0,0,8,5.041242884,1,34.96842105,4.384615385,1
1,0,0,0,0,0,0,0,0,6,4.818557408,1,34,4.642857143,1
0,0,0,0,0,1,0,0,0,9,4.859136543,1,32.86315789,4.083333333,2
0,0,0,0,0,1,0,0,0,6,4.425362202,1,38,4.642857143,1
0,0,0,1,0,0,0,0,0,6,3.858804477,1,35.33333333,4.7,2
0,0,0,0,1,0,0,0,0,3,5.48330847,1,25.82222222,4.333333333,1
0,0,0,0,0,1,0,0,0,8,4.819887578,1,33.16190476,4.692307692,1
0,0,0,0,0,1,0,0,0,7,5.480866926,1,32,4.384615385,1
1,0,0,0,0,0,0,0,0,7,4.555990527,1,42.74285714,4.555555556,2
1,0,0,0,0,0,0,0,0,11,5.861582739,1,36.42758621,4.285714286,2
0,0,0,0,1,0,0,0,0,8,4.926105901,1,37.89090909,4.666666667,2
0,0,0,1,0,0,0,0,0,11,4.37641733,1,35.06666667,4,1
1,0,0,0,0,0,0,0,0,7,5.466561929,1,24,3.333333333,1
0,0,0,1,0,0,0,0,0,14,5.160812784,1,36.91428571,4.411764706,2
0,0,0,1,0,0,0,0,0,7,4.850625877,1,35.03529412,4.916666667,2
1,0,0,0,0,0,0,0,0,4,5.707068298,1,25.82222222,5.333333333,2
0,0,0,0,1,0,0,0,0,9,4.418233959,1,29.17419355,3.866666667,2
1,0,0,0,0,0,0,0,0,6,5.108205121,1,28.65263158,4.75,2
0,1,0,0,0,0,0,0,0,5,3.40557603,2,34.22857143,6.833333333,1
0,0,1,0,0,0,0,0,0,4,4.930986422,1,40,6.5,1
0,1,0,0,0,0,0,0,0,4,4.387052685,1,40,6.166666667,1
0,0,1,0,0,0,0,0,0,3,4.334943446,1,38.2,7,1
0,1,0,0,0,0,0,0,0,4,3.504868344,1,38.2,6,1
0,0,1,0,0,0,0,0,0,3,5.929738356,1,40,7,1
0,0,1,0,0,0,0,0,0,6,5.371201579,1,35.03529412,5.9,1
0,1,0,0,0,0,0,0,0,5,4.319775472,1,37.38823529,5.8,1
0,1,0,0,0,0,0,0,0,5,4.403256494,1,39.88571429,6.888888889,1
0,1,0,0,0,0,0,0,0,5,4.456323914,1,33.9,5.5,1
0,0,1,0,0,0,0,0,0,8,5.854943712,1,38.31111111,7.363636364,1
0,0,1,0,0,0,0,0,0,6,5.186160442,1,35.96923077,5.75,2
0,1,0,0,0,0,0,0,0,5,4.142940604,1,36.4,6,2
0,0,0,1,0,0,0,0,0,4,3.83834425,1,35.96923077,6.571428571,1
0,0,1,0,0,0,0,0,0,5,6.232485486,1,23.9,5.571428571,0
0,0,1,0,0,0,0,0,0,6,5.720894988,1,38.9,6.6,2
0,1,0,0,0,0,0,0,0,5,4.496905447,1,40.76363636,6.571428571,1
0,0,0,0,1,0,0,0,0,6,5.090353466,1,31.4,4.5,1
0,0,0,0,0,0,1,0,0,7,5.0120509,1,31.25714286,3.909090909,2
1,0,0,0,0,0,0,0,0,5,4.504777993,1,31.31428571,5.125,2
0,0,0,0,1,0,0,0,0,6,4.75578467,1,32.68235294,5.3,2
0,0,0,0,1,0,0,0,0,7,4.663136688,1,31.4,4.444444444,1
1,0,0,0,0,0,0,0,0,4,4.493507121,1,18.94545455,3.666666667,2
0,0,0,0,1,0,0,0,0,10,4.382700752,1,30.8,3.857142857,1
0,0,0,0,0,0,1,0,0,10,5.24693728,1,33.66896552,4.142857143,2
1,0,0,0,0,0,0,0,0,8,4.67700505,1,28.8,5,2
0,0,0,0,1,0,0,0,0,7,4.721599418,1,32.86315789,4.7,2
1,0,0,0,0,0,0,0,0,8,5.215785522,1,35.6,4.461538462,2
0,0,0,0,0,0,1,0,0,7,4.907757768,1,23.9,3.428571429,2
1,0,0,0,0,0,0,0,0,8,4.540120562,1,27.2,4.666666667,1
0,0,0,0,1,0,0,0,0,12,7.031039015,1,28.89411765,2.789473684,2
1,0,0,0,0,0,0,0,0,9,4.94599838,1,24.24615385,3.4,2
1,0,0,0,0,0,0,0,0,8,5.710426951,1,21.37391304,4.444444444,1
0,0,0,0,1,0,0,0,0,7,4.363829743,1,20.91764706,2.375,1
0,0,0,0,0,0,1,0,0,7,5.232925172,1,28.45714286,3.125,2
1,0,0,0,0,0,0,0,0,7,4.282000674,1,22.33684211,4.285714286,2
0,0,0,0,0,0,0,1,0,10,5.634273474,1,30.66666667,4.6,1
1,0,0,0,0,0,0,0,0,13,5.420686315,1,30.16969697,4.5625,2
0,0,0,0,0,0,0,1,0,14,4.622324504,2,29,5.095238095,1
0,0,0,0,0,0,0,1,0,17,6.363287353,5,29.40952381,5.095238095,2
0,0,0,0,0,0,0,1,0,19,6.492786802,4,36.91428571,4.606060606,2
0,0,0,0,0,0,0,1,0,22,5.907651243,1,36.8,4.230769231,2
0,0,0,0,0,0,0,1,0,11,5.627347853,1,34.77647059,4.529411765,1
0,0,0,0,0,0,0,1,0,19,6.117174249,5,32.96666667,5.181818182,1
0,0,0,0,0,0,0,1,0,9,5.2876793,2,33.86666667,5.888888889,2
0,0,0,0,0,0,0,1,0,11,6.023702856,2,32.65,4.647058824,2
0,0,0,0,0,0,0,1,0,17,4.956335089,3,28.4,4.55,1
1,0,0,0,0,0,0,0,0,12,5.316193938,3,30.84242424,4.941176471,2
0,0,0,0,0,0,0,1,0,29,6.07403975,1,46.58461538,3.921052632,2
0,0,0,0,1,0,0,0,0,7,5.792462389,1,31.64444444,4.222222222,2
0,0,0,0,0,0,1,0,0,5,5.619684097,1,32.66666667,4.5,2
1,0,0,0,0,0,0,0,0,9,6.6110341,1,25.61481481,2.933333333,0
1,0,0,0,0,0,0,0,0,6,4.528884484,1,29.81538462,5.285714286,1
0,0,0,0,1,0,0,0,0,5,4.42436607,1,36.4,6,1
0,0,0,0,0,0,1,0,0,4,4.9734487,1,23.9,4,1
1,0,0,0,0,0,0,0,0,7,4.901583928,1,34,4.076923077,2
0,0,0,0,1,0,0,0,0,8,5.769254931,1,36.26666667,4.461538462,2
1,0,0,0,0,0,0,0,0,17,5.029630168,0,29.29302326,3.625,2
0,0,0,0,0,0,0,1,0,4,4.720807663,1,42.74285714,4.857142857,1
1,0,0,0,0,0,0,0,0,10,6.38026079,1,38.66666667,5.0625,2
1,0,0,0,0,0,0,0,0,16,6.424088712,1,31.14285714,5.473684211,2
1,0,0,0,0,0,0,0,0,12,6.893287901,2,30.75789474,4.722222222,2
0,0,0,0,0,0,0,1,0,16,5.593700072,3,30.9255814,4.583333333,2
1,0,0,0,0,0,0,0,0,14,5.322330936,3,36.91612903,5.117647059,2
0,0,0,0,0,0,0,1,0,15,6.760160295,1,38.16410256,4.652173913,1
1,0,0,0,0,0,0,0,0,22,5.431042132,1,26.13684211,4.2,2
1,0,0,0,0,0,0,0,0,14,5.897984723,0,26.77894737,3,2
0,0,0,0,0,0,0,1,0,10,5.444979882,2,28.66666667,4.75,1
0,0,0,0,0,0,0,1,0,16,6.276667715,5,29.33333333,5.333333333,1
0,1,0,0,0,0,0,0,0,21,5.26460465,0,36.68571429,4,2
0,0,0,0,0,0,0,1,0,5,4.57065273,1,42.74285714,5.25,2
1,0,0,0,0,0,0,0,0,11,4.441309285,1,38.09230769,6,2
0,0,0,0,0,0,0,1,0,18,5.026282072,4,30.32941176,4.857142857,2
0,0,0,0,0,0,0,1,0,30,6.402429147,2,48.12307692,4.195121951,2
0,1,0,0,0,0,0,0,0,7,4.61930188,2,30,6.818181818,1
0,1,0,0,0,0,0,0,0,6,4.078949262,1,38.9,5.8,2
0,1,0,0,0,0,0,0,0,8,4.109778134,2,33.27368421,7,2
0,1,0,0,0,0,0,0,0,7,4.052319264,2,33.27368421,5.916666667,1
1,0,0,0,0,0,0,0,0,8,7.546794099,2,37.50769231,5.428571429,2
0,1,0,0,0,0,0,0,0,9,4.939960509,2,30.6,5.6,0
0,1,0,0,0,0,0,0,0,7,4.104813865,2,36.58095238,7.111111111,0
0,1,0,0,0,0,0,0,0,7,5.292315908,2,34.71111111,6.090909091,2
0,0,0,1,0,0,0,0,0,9,4.920673361,2,34.8,5.866666667,2
0,1,0,0,0,0,0,0,0,11,4.0509863,2,36.58095238,6.916666667,2
0,1,0,0,0,0,0,0,0,10,5.261301333,2,36.14482759,5.588235294,2
0,1,0,0,0,0,0,0,0,7,4.301879268,2,30.86666667,5.555555556,2
0,0,0,1,0,0,0,0,0,8,6.212469506,2,35.30909091,6.615384615,2
0,1,0,0,0,0,0,0,0,8,4.159611477,2,34.16521739,5.857142857,1
0,1,0,0,0,0,0,0,0,8,4.366775351,2,27.05714286,5.416666667,2
0,1,0,0,0,0,0,0,0,7,5.046890192,2,34.16521739,5.384615385,1
0,1,0,0,0,0,0,0,0,8,4.284251854,2,31.46666667,5.466666667,1
0,1,0,0,0,0,0,0,0,8,5.182817635,2,34.43076923,6.461538462,1
0,1,0,0,0,0,0,0,0,10,4.708987318,2,32.2,5.714285714,2
0,1,0,0,0,0,0,0,0,7,4.741376088,2,35.37894737,6.25,2
0,1,0,0,0,0,0,0,0,8,5.007865634,2,33.13333333,5.333333333,2
0,1,0,0,0,0,0,0,0,7,4.159588119,2,36,5.8,2
0,1,0,0,0,0,0,0,0,11,6.351017379,2,34.76551724,6,1
1,0,0,0,0,0,0,0,0,8,5.564702169,1,39.6,5.285714286,2
0,1,0,0,0,0,0,0,0,9,4.575160013,2,32.42608696,6.583333333,2
0,1,0,0,0,0,0,0,0,8,3.974648408,2,31.46666667,5.692307692,0
0,1,0,0,0,0,0,0,0,8,4.044516951,2,33.49090909,5.916666667,1
0,1,0,0,0,0,0,0,0,8,4.168464868,2,29.06315789,6.363636364,2
0,1,0,0,0,0,0,0,0,7,5.420721857,2,30,7.545454545,2
0,1,0,0,0,0,0,0,0,9,5.611344187,2,37.12727273,6.833333333,2
0,1,0,0,0,0,0,0,0,6,5.037412543,2,34,5.909090909,2
0,0,0,0,1,0,0,0,0,8,5.251793811,2,31.46666667,5.75,1
0,1,0,0,0,0,0,0,0,8,4.276630474,2,34.67619048,6.153846154,2
0,1,0,0,0,0,0,0,0,8,4.071279247,2,33.27368421,5.727272727,1
0,1,0,0,0,0,0,0,0,8,4.119341732,2,29.85454545,5.583333333,2
0,1,0,0,0,0,0,0,0,7,4.348400327,2,32,6.5,2
0,1,0,0,0,0,0,0,0,9,4.403412832,1,32.93333333,4.833333333,2
0,1,0,0,0,0,0,0,0,9,4.514832166,2,34.67619048,5.846153846,2
1,0,0,0,0,0,0,0,0,42,6.540885138,8,31.85548387,4.610169492,2
